delay_ms,lfm_db,kaiser_db,fosm_db
-50.0000,-140.0000,-140.0000,-140.0000
-49.9583,-64.7984,-65.4582,-65.4614
-49.9167,-64.7483,-59.4418,-59.4447
-49.8750,-70.4443,-81.4405,-81.4168
-49.8333,-54.2699,-52.5857,-52.5900
-49.7917,-48.5287,-49.2876,-49.2903
-49.7500,-46.2067,-65.6354,-65.6229
-49.7083,-46.7514,-47.1999,-47.2046
-49.6667,-52.0830,-45.7696,-45.7718
-49.6250,-58.9102,-61.9096,-61.9314
-49.5833,-45.5389,-42.9446,-42.9487
-49.5417,-41.3634,-46.2345,-46.2351
-49.5000,-40.4137,-46.6444,-46.6515
-49.4583,-42.5711,-40.8934,-40.8965
-49.4167,-52.2608,-60.8053,-60.7859
-49.3750,-47.5667,-40.4714,-40.4760
-49.3333,-39.7090,-43.3195,-43.3208
-49.2917,-37.2141,-44.0496,-44.0563
-49.2500,-37.7832,-39.3609,-39.3641
-49.2083,-42.5475,-60.4902,-60.5168
-49.1667,-58.4179,-38.6432,-38.6475
-49.1250,-39.6972,-46.6984,-46.6985
-49.0833,-35.5038,-40.1793,-40.1846
-49.0417,-34.9565,-40.9550,-40.9579
-49.0000,-37.9289,-44.4266,-44.4333
-48.9583,-51.9631,-38.9395,-38.9435
-48.9167,-40.5615,-56.7207,-56.7351
-48.8750,-34.5319,-38.7482,-38.7527
-48.8333,-33.1638,-50.8100,-50.8103
-48.7917,-35.2414,-39.9466,-39.9515
-48.7500,-44.5730,-43.9119,-43.9151
-48.7083,-41.5391,-42.6402,-42.6455
-48.6667,-33.8409,-41.1805,-41.1842
-48.6250,-31.9685,-47.8307,-47.8366
-48.5833,-33.6664,-40.0604,-40.0642
-48.5417,-41.8358,-64.9636,-64.9756
-48.5000,-41.7107,-39.8782,-39.8818
-48.4583,-33.1636,-51.1164,-51.1199
-48.4167,-31.1737,-40.3430,-40.3460
-48.3750,-32.9219,-44.7545,-44.7586
-48.3333,-41.4531,-41.2889,-41.2910
-48.2917,-40.5381,-41.5585,-41.5627
-48.2500,-32.4398,-42.5911,-42.5917
-48.2083,-30.7536,-39.5944,-39.5987
-48.1667,-32.9813,-44.1193,-44.1176
-48.1250,-43.5166,-38.3018,-38.3061
-48.0833,-38.4708,-45.7045,-45.6997
-48.0417,-31.8142,-37.4415,-37.4459
-48.0000,-30.8182,-47.1257,-47.1171
-47.9583,-34.0005,-36.8947,-36.8992
-47.9167,-50.6946,-48.1505,-48.1380
-47.8750,-36.4352,-36.5983,-36.6029
-47.8333,-31.5643,-48.6418,-48.6263
-47.7917,-31.5657,-36.5148,-36.5196
-47.7500,-36.2903,-48.6501,-48.6332
-47.7083,-54.8892,-36.6142,-36.6192
-47.6667,-35.1404,-48.3771,-48.3598
-47.6250,-31.9849,-36.8587,-36.8639
-47.5833,-33.1798,-48.0432,-48.0261
-47.5417,-40.2300,-37.1909,-37.1963
-47.5000,-44.7944,-47.7750,-47.7581
-47.4583,-34.9512,-37.5298,-37.5353
-47.4167,-33.2048,-47.5486,-47.5314
-47.3750,-35.5424,-37.7832,-37.7887
-47.3333,-45.6169,-47.1733,-47.1558
-47.2917,-42.5651,-37.8841,-37.8898
-47.2500,-35.7653,-46.3567,-46.3395
-47.2083,-34.7828,-37.8392,-37.8453
-47.1667,-37.6401,-44.8999,-44.8841
-47.1250,-49.5556,-37.7564,-37.7635
-47.0833,-42.6760,-42.8935,-42.8803
-47.0417,-36.4501,-37.8345,-37.8433
-47.0000,-35.3814,-40.6683,-40.6583
-46.9583,-38.1233,-38.3390,-38.3505
-46.9167,-51.5428,-38.5812,-38.5743
-46.8750,-41.1232,-39.6193,-39.6354
-46.8333,-35.2457,-36.8876,-36.8839
-46.7917,-34.5102,-42.2654,-42.2904
-46.7500,-38.5248,-35.7378,-35.7370
-46.7083,-57.5735,-47.9512,-48.0027
-46.6667,-36.4788,-35.2116,-35.2136
-46.6250,-33.0029,-72.0268,-71.2523
-46.5833,-34.4086,-35.3483,-35.3534
-46.5417,-44.8748,-46.9392,-46.8985
-46.5000,-38.8614,-36.1658,-36.1742
-46.4583,-32.6100,-41.6905,-41.6723
-46.4167,-32.5582,-37.6847,-37.6975
-46.3750,-39.0446,-39.0309,-39.0210
-46.3333,-42.5281,-40.0076,-40.0270
-46.2917,-33.0224,-37.4794,-37.4744
-46.2500,-31.9631,-43.6112,-43.6433
-46.2083,-36.7317,-36.5027,-36.5015
-46.1667,-48.6858,-50.9698,-51.0496
-46.1250,-34.2297,-35.9273,-35.9297
-46.0833,-32.2947,-56.1753,-56.0294
-46.0417,-35.8377,-35.8633,-35.8700
-46.0000,-80.9728,-43.5655,-43.5335
-45.9583,-36.4879,-36.6949,-36.7076
-45.9167,-33.3779,-38.4313,-38.4176
-45.8750,-35.5121,-39.2404,-39.2643
-45.8333,-47.4442,-35.6424,-35.6376
-45.7917,-40.4679,-46.2686,-46.3320
-45.7500,-34.9296,-34.5007,-34.5028
-45.7083,-35.0879,-51.3914,-51.2796
-45.6667,-40.9205,-34.9587,-34.9680
-45.6250,-48.0881,-39.9061,-39.8824
-45.5833,-36.2965,-37.3948,-37.4148
-45.5417,-34.1863,-36.1412,-36.1330
-45.5000,-37.2101,-43.4667,-43.5149
-45.4583,-80.6498,-34.9021,-34.9025
-45.4167,-36.5958,-60.9592,-60.6120
-45.3750,-33.0167,-35.3275,-35.3356
-45.3333,-35.2836,-42.0935,-42.0604
-45.2917,-57.5772,-37.3362,-37.3542
-45.2500,-35.7648,-37.5129,-37.5006
-45.2083,-32.1868,-41.8813,-41.9206
-45.1667,-34.9790,-35.4971,-35.4950
-45.1250,-75.5422,-60.3216,-60.6858
-45.0833,-34.8577,-35.0616,-35.0680
-45.0417,-32.2100,-42.9877,-42.9441
-45.0000,-36.1023,-36.5035,-36.5215
-44.9583,-52.4215,-36.6701,-36.6568
-44.9167,-34.8657,-41.7928,-41.8401
-44.8750,-33.1322,-34.2572,-34.2570
-44.8333,-37.7621,-54.6959,-54.4778
-44.7917,-50.7571,-34.5118,-34.5232
-44.7500,-35.8959,-38.3575,-38.3324
-44.7083,-34.1545,-38.1901,-38.2216
-44.6667,-38.1808,-34.4975,-34.4925
-44.6250,-56.1123,-54.8007,-55.0471
-44.5833,-36.6309,-34.1780,-34.1856
-44.5417,-33.9928,-40.9735,-40.9334
-44.5000,-37.2979,-36.9607,-36.9850
-44.4583,-56.0764,-35.7017,-35.6913
-44.4167,-35.3842,-46.0496,-46.1365
-44.3750,-32.9746,-34.5497,-34.5530
-44.3333,-37.6446,-45.7322,-45.6557
-44.2917,-44.7553,-36.0296,-36.0473
-44.2500,-33.3509,-37.1977,-37.1794
-44.2083,-32.9011,-41.6035,-41.6552
-44.1667,-41.9378,-34.5165,-34.5155
-44.1250,-38.3640,-52.5578,-52.3649
-44.0833,-32.6456,-34.8881,-34.9023
-44.0417,-34.7698,-37.4601,-37.4358
-44.0000,-57.8107,-39.7460,-39.7922
-43.9583,-36.2342,-33.8344,-33.8324
-43.9167,-33.5127,-51.9567,-51.7534
-43.8750,-37.6026,-34.3847,-34.4004
-43.8333,-52.3447,-36.4251,-36.4029
-43.7917,-35.9406,-40.7206,-40.7780
-43.7500,-34.1745,-33.5049,-33.5054
-43.7083,-39.2193,-46.2740,-46.1679
-43.6667,-45.6891,-35.1086,-35.1289
-43.6250,-34.4672,-35.7734,-35.7562
-43.5833,-33.8060,-43.7113,-43.7938
-43.5417,-42.8382,-33.9366,-33.9401
-43.5000,-38.2357,-43.5906,-43.5175
-43.4583,-32.5686,-36.2060,-36.2308
-43.4167,-35.2459,-35.6171,-35.6027
-43.3750,-52.9262,-46.6395,-46.7570
-43.3333,-33.9735,-34.0830,-34.0889
-43.2917,-33.0374,-41.4066,-41.3501
-43.2500,-41.9880,-36.8104,-36.8418
-43.2083,-38.8960,-34.5170,-34.5072
-43.1667,-33.4205,-56.1325,-56.5303
-43.1250,-36.0111,-33.7574,-33.7694
-43.0833,-80.2942,-37.4370,-37.4034
-43.0417,-36.3216,-39.1414,-39.1952
-43.0000,-34.0149,-33.1805,-33.1796
-42.9583,-39.2085,-45.4158,-45.3008
-42.9167,-44.1558,-34.9318,-34.9569
-42.8750,-34.0201,-34.4881,-34.4731
-42.8333,-34.2607,-49.1521,-49.3445
-42.7917,-49.2937,-33.5003,-33.5106
-42.7500,-35.7696,-38.1518,-38.1120
-42.7083,-32.5766,-38.8307,-38.8819
-42.6667,-38.7521,-33.7444,-33.7418
-42.6250,-40.0958,-48.0855,-47.9292
-42.5833,-32.8289,-35.2079,-35.2314
-42.5417,-35.3817,-35.4962,-35.4770
-42.5000,-55.1340,-46.2639,-46.3998
-42.4583,-34.9174,-33.6858,-33.6939
-42.4167,-34.0895,-39.2185,-39.1688
-42.3750,-43.0800,-37.9383,-37.9861
-42.3333,-39.6115,-33.4182,-33.4142
-42.2917,-33.8599,-47.6306,-47.4639
-42.2500,-36.4508,-34.6462,-34.6724
-42.2083,-52.4365,-34.1813,-34.1648
-42.1667,-34.3616,-51.7893,-52.0911
-42.1250,-33.6172,-33.2040,-33.2183
-42.0833,-46.7967,-36.0702,-36.0378
-42.0417,-35.7152,-41.3246,-41.4114
-42.0000,-32.6582,-32.8893,-32.8942
-41.9583,-40.1536,-39.6617,-39.6000
-41.9167,-38.6629,-37.3371,-37.3845
-41.8750,-33.0507,-33.4212,-33.4162
-41.8333,-37.1319,-47.5893,-47.4174
-41.7917,-45.9615,-35.1170,-35.1450
-41.7500,-34.4255,-34.6551,-34.6377
-41.7083,-35.0378,-52.9100,-53.2543
-41.6667,-52.3126,-33.7626,-33.7776
-41.6250,-36.2642,-36.5043,-36.4695
-41.5833,-33.4609,-41.7265,-41.8203
-41.5417,-41.1013,-32.9766,-32.9822
-41.5000,-38.0915,-38.9558,-38.8956
-41.4583,-32.6451,-37.6999,-37.7568
-41.4167,-37.8682,-32.6779,-32.6763
-41.3750,-40.2938,-42.2335,-42.1317
-41.3333,-32.8531,-35.6705,-35.7120
-41.2917,-36.5728,-32.8734,-32.8655
-41.2500,-44.9868,-47.4446,-47.2470
-41.2083,-33.9835,-34.6063,-34.6382
-41.1667,-35.4739,-33.5766,-33.5619
-41.1250,-73.7172,-64.6687,-63.3044
-41.0833,-35.3315,-33.9976,-34.0212
-41.0417,-34.0686,-34.7339,-34.7103
-41.0000,-46.4516,-49.5704,-49.8317
-40.9583,-36.0262,-33.5125,-33.5283
-40.9167,-32.9864,-36.1539,-36.1178
-40.8750,-42.6285,-42.8607,-42.9797
-40.8333,-36.3767,-33.0064,-33.0155
-40.7917,-32.8482,-37.5025,-37.4510
-40.7500,-41.5569,-39.6117,-39.6939
-40.7083,-37.6598,-32.5411,-32.5455
-40.6667,-33.4235,-38.4970,-38.4314
-40.6250,-39.8698,-37.9834,-38.0523
-40.5833,-40.3992,-32.2863,-32.2879
-40.5417,-33.6679,-39.2197,-39.1433
-40.5000,-37.5075,-37.2959,-37.3590
-40.4583,-42.8486,-32.3556,-32.3554
-40.4167,-33.1442,-40.1150,-40.0281
-40.3750,-36.2601,-36.9850,-37.0437
-40.3333,-42.6999,-32.6834,-32.6809
-40.2917,-32.8476,-41.5978,-41.4934
-40.2500,-36.5609,-36.5574,-36.6099
-40.2083,-42.4853,-33.0039,-32.9983
-40.1667,-33.4207,-43.5877,-43.4527
-40.1250,-36.9614,-35.8727,-35.9194
-40.0833,-44.7437,-33.0205,-33.0122
-40.0417,-33.9536,-45.0694,-44.9003
-40.0000,-36.1636,-35.2334,-35.2774
-39.9583,-46.8881,-32.7089,-32.6997
-39.9167,-33.4384,-44.7315,-44.5608
-39.8750,-35.6013,-35.0466,-35.0923
-39.8333,-44.2984,-32.3649,-32.3570
-39.7917,-32.9267,-43.0799,-42.9364
-39.7500,-36.5580,-35.4676,-35.5184
-39.7083,-41.9663,-32.2898,-32.2841
-39.6667,-33.3676,-41.6370,-41.5185
-39.6250,-37.7174,-36.2547,-36.3117
-39.5833,-42.2215,-32.4919,-32.4883
-39.5417,-33.6657,-40.9712,-40.8654
-39.5000,-37.5392,-36.8999,-36.9619
-39.4583,-41.4586,-32.6602,-32.6579
-39.4167,-32.9803,-40.5465,-40.4469
-39.3750,-38.2059,-37.2040,-37.2705
-39.3333,-38.4818,-32.4869,-32.4865
-39.2917,-32.8154,-39.4095,-39.3213
-39.2500,-41.3917,-37.7067,-37.7834
-39.2083,-36.9623,-32.0982,-32.1016
-39.1667,-33.6123,-37.4852,-37.4156
-39.1250,-44.4667,-39.2895,-39.3907
-39.0833,-36.6450,-31.9481,-31.9575
-39.0417,-33.7680,-35.6492,-35.5980
-39.0000,-47.0564,-42.7216,-42.8810
-38.9583,-35.0903,-32.3194,-32.3360
-38.9167,-33.7225,-34.5048,-34.4671
-38.8750,-72.8689,-48.8921,-49.2211
-38.8333,-33.6384,-33.0491,-33.0734
-38.7917,-35.2937,-33.9237,-33.8954
-38.7500,-45.6230,-64.9009,-67.2017
-38.7083,-33.6511,-33.7221,-33.7542
-38.6667,-37.2996,-33.3487,-33.3278
-38.6250,-42.0359,-52.2986,-51.8338
-38.5833,-33.3897,-34.3196,-34.3618
-38.5417,-38.8940,-32.5080,-32.4957
-38.5000,-37.9733,-43.4861,-43.3150
-38.4583,-32.9172,-35.5425,-35.6027
-38.4167,-45.0298,-31.8121,-31.8100
-38.3750,-34.9778,-38.3074,-38.2191
-38.3333,-34.1417,-38.4024,-38.5001
-38.2917,-61.3862,-31.7999,-31.8092
-38.2500,-34.2526,-35.3508,-35.2986
-38.2083,-35.8499,-44.2611,-44.4666
-38.1667,-45.6080,-32.5474,-32.5691
-38.1250,-33.3525,-33.8715,-33.8390
-38.0833,-37.8349,-63.4805,-65.5697
-38.0417,-38.3441,-33.6690,-33.7044
-38.0000,-32.9116,-32.9866,-32.9676
-37.9583,-45.6421,-47.2520,-46.9753
-37.9167,-34.9717,-35.0074,-35.0611
-37.8750,-34.5269,-32.1514,-32.1450
-37.8333,-54.5261,-39.7625,-39.6507
-37.7917,-34.0328,-37.5180,-37.6073
-37.7500,-36.4754,-31.6815,-31.6891
-37.7083,-41.7933,-35.3419,-35.2854
-37.6667,-32.9685,-44.1888,-44.4091
-37.6250,-41.0776,-32.2555,-32.2803
-37.5833,-35.7108,-32.9586,-32.9304
-37.5417,-33.7414,-53.0653,-52.4799
-37.5000,-61.3218,-34.1937,-34.2421
-37.4583,-33.9231,-32.1119,-32.1025
-37.4167,-36.6168,-40.4250,-40.2992
-37.3750,-41.9175,-37.4497,-37.5370
-37.3333,-33.3069,-32.0631,-32.0691
-37.2917,-41.2273,-36.1580,-36.0945
-37.2500,-35.7969,-43.2038,-43.3967
-37.2083,-33.7096,-32.4142,-32.4374
-37.1667,-53.8213,-33.3659,-33.3338
-37.1250,-33.3621,-57.7168,-56.7052
-37.0833,-37.7178,-33.8312,-33.8795
-37.0417,-39.1477,-31.6837,-31.6749
-37.0000,-33.5658,-39.0418,-38.9283
-36.9583,-45.9859,-38.0315,-38.1375
-36.9167,-34.8719,-31.5777,-31.5901
-36.8750,-34.6869,-34.1826,-34.1355
-36.8333,-44.3088,-52.4923,-53.1206
-36.7917,-32.8879,-33.1485,-33.1859
-36.7500,-41.1946,-32.3911,-32.3730
-36.7083,-35.9328,-43.0353,-42.8478
-36.6667,-34.3367,-36.2895,-36.3667
-36.6250,-54.8329,-31.8854,-31.8887
-36.5833,-33.7104,-36.2725,-36.2019
-36.5417,-37.6982,-43.0095,-43.2124
-36.5000,-37.9232,-32.2677,-32.2938
-36.4583,-33.2122,-32.7669,-32.7382
-36.4167,-62.4705,-48.2565,-47.8837
-36.3750,-33.5825,-34.6433,-34.7069
-36.3333,-37.2269,-31.3113,-31.3106
-36.2917,-39.1484,-36.1494,-36.0723
-36.2500,-33.5908,-42.4577,-42.6577
-36.2083,-49.4758,-32.1096,-32.1364
-36.1667,-34.1947,-32.6072,-32.5795
-36.1250,-35.8487,-46.6111,-46.3030
-36.0833,-39.6847,-35.2807,-35.3492
-36.0417,-33.0676,-31.7558,-31.7558
-36.0000,-51.1328,-36.5660,-36.4871
-35.9583,-34.1753,-42.6201,-42.8207
-35.9167,-36.5391,-32.3176,-32.3445
-35.8750,-40.3364,-32.7588,-32.7298
-35.8333,-33.3294,-46.8116,-46.4863
-35.7917,-49.0904,-35.0629,-35.1344
-35.7500,-33.7949,-31.2499,-31.2526
-35.7083,-36.4844,-35.1524,-35.0853
-35.6667,-38.4089,-46.0349,-46.3615
-35.6250,-33.5387,-32.4305,-32.4673
-35.5833,-63.5290,-31.7666,-31.7485
-35.5417,-33.9342,-40.4494,-40.2959
-35.5000,-37.6293,-37.5754,-37.6835
-35.4583,-37.7514,-31.6613,-31.6751
-35.4167,-33.4996,-33.9182,-33.8710
-35.3750,-53.7553,-72.2052,-83.8309
-35.3333,-33.1050,-33.8167,-33.8690
-35.2917,-40.5479,-31.7426,-31.7342
-35.2500,-35.8536,-37.8627,-37.7570
-35.2083,-34.7870,-40.2791,-40.4407
-35.1667,-45.1711,-31.7813,-31.8065
-35.1250,-33.1437,-32.3490,-32.3191
-35.0833,-44.2338,-44.7142,-44.4402
-35.0417,-34.1504,-35.5800,-35.6652
-35.0000,-36.1551,-31.1032,-31.1118
-34.9583,-38.7423,-33.8687,-33.8151
-34.9167,-33.6765,-61.4818,-63.7399
-34.8750,-73.6486,-33.5530,-33.6066
-34.8333,-33.6192,-31.5080,-31.5009
-34.7917,-39.1608,-37.0963,-36.9994
-34.7500,-35.8058,-41.8696,-42.0696
-34.7083,-34.4579,-32.2373,-32.2673
-34.6667,-42.2591,-32.3857,-32.3590
-34.6250,-33.2199,-42.9932,-42.7712
-34.5833,-50.6979,-36.4836,-36.5827
-34.5417,-34.0714,-31.2518,-31.2650
-34.5000,-37.6461,-33.2557,-33.2091
-34.4583,-37.1062,-55.3870,-54.4181
-34.4167,-33.9214,-34.1510,-34.2195
-34.3750,-45.0181,-30.9699,-30.9720
-34.3333,-33.0436,-34.5417,-34.4751
-34.2917,-47.9622,-51.4562,-52.1360
-34.2500,-34.1402,-33.1518,-33.2023
-34.2083,-37.5643,-31.4524,-31.4433
-34.1667,-37.3077,-37.0598,-36.9589
-34.1250,-33.9971,-42.2203,-42.4385
-34.0833,-44.7436,-32.2675,-32.3012
-34.0417,-32.9882,-32.0306,-32.0077
-34.0000,-50.6458,-40.6264,-40.4551
-33.9583,-33.8089,-37.8872,-38.0153
-33.9167,-38.7115,-31.3578,-31.3797
-33.8750,-36.3678,-32.2391,-32.2050
-33.8333,-34.6244,-43.7468,-43.4811
-33.7917,-41.6076,-36.1562,-36.2587
-33.7500,-33.1248,-31.0517,-31.0672
-33.7083,-66.6010,-32.6898,-32.6477
-33.6667,-33.3350,-47.4233,-47.0150
-33.6250,-42.0801,-35.4102,-35.4976
-33.5833,-34.8886,-31.2751,-31.2846
-33.5417,-36.2462,-33.7716,-33.7174
-33.5000,-37.8677,-61.2179,-59.3726
-33.4583,-33.8414,-34.2835,-34.3534
-33.4167,-44.1294,-31.1961,-31.1982
-33.3750,-33.2135,-34.5454,-34.4771
-33.3333,-55.8925,-54.8481,-55.9413
-33.2917,-33.6445,-33.2975,-33.3581
-33.2500,-40.4226,-30.8288,-30.8274
-33.2083,-34.8566,-34.4947,-34.4221
-33.1667,-36.0851,-53.3789,-54.3130
-33.1250,-37.3532,-33.2575,-33.3176
-33.0833,-34.2536,-30.9471,-30.9450
-33.0417,-43.0784,-34.7818,-34.7070
-33.0000,-33.4316,-52.1742,-52.9640
-32.9583,-68.5918,-33.4002,-33.4584
-32.9167,-33.2098,-31.2690,-31.2647
-32.8750,-43.2768,-35.4706,-35.3872
-32.8333,-33.8798,-48.3499,-48.8544
-32.7917,-38.3431,-32.9567,-33.0114
-32.7500,-35.8463,-30.9924,-30.9869
-32.7083,-35.4965,-35.1101,-35.0270
-32.6667,-39.2519,-49.4750,-50.0760
-32.6250,-33.7374,-32.9333,-32.9923
-32.5833,-44.7438,-30.7235,-30.7217
-32.5417,-33.1018,-34.2832,-34.2109
-32.5000,-67.3939,-58.8870,-60.7996
-32.4583,-33.3397,-33.7220,-33.7900
-32.4167,-45.0274,-31.0265,-31.0284
-32.3750,-33.9245,-34.1946,-34.1278
-32.3333,-39.1037,-75.8242,-84.5297
-32.2917,-34.8326,-34.1044,-34.1774
-32.2500,-36.5292,-31.0307,-31.0351
-32.2083,-36.7296,-33.7486,-33.6870
-32.1667,-34.9680,-58.0285,-56.5833
-32.1250,-40.1248,-34.3916,-34.4753
-32.0833,-33.7225,-30.6896,-30.7006
-32.0417,-45.1592,-32.5506,-32.5027
-32.0000,-33.1055,-45.5697,-45.2024
-31.9583,-56.2924,-36.0665,-36.1786
-31.9167,-33.2195,-31.0468,-31.0678
-31.8750,-50.1267,-32.0127,-31.9775
-31.8333,-33.5421,-41.2785,-41.0650
-31.7917,-42.2695,-38.2107,-38.3603
-31.7500,-33.8784,-31.5974,-31.6272
-31.7083,-39.1828,-31.7424,-31.7158
-31.6667,-34.7638,-38.9877,-38.8288
-31.6250,-37.2231,-40.2263,-40.4288
-31.5833,-36.2975,-31.7511,-31.7919
-31.5417,-35.4668,-30.9025,-30.8878
-31.5000,-37.8389,-35.7729,-35.6702
-31.4583,-34.3986,-47.0428,-47.5233
-31.4167,-39.6317,-32.8305,-32.8921
-31.3750,-33.9794,-30.6443,-30.6444
-31.3333,-42.9509,-33.6545,-33.5881
-31.2917,-33.5221,-55.7911,-54.6161
-31.2500,-48.0148,-34.8723,-34.9632
-31.2083,-33.0917,-31.0404,-31.0536
-31.1667,-55.1692,-32.6634,-32.6169
-31.1250,-33.1489,-44.1176,-43.8048
-31.0833,-61.3185,-36.9020,-37.0332
-31.0417,-33.3197,-31.1412,-31.1692
-31.0000,-48.5044,-31.3011,-31.2746
-30.9583,-33.2595,-37.7277,-37.5846
-30.9167,-45.0311,-42.1331,-42.4054
-30.8750,-33.4788,-32.1108,-32.1625
-30.8333,-42.8203,-30.5985,-30.5929
-30.7917,-33.9623,-34.1015,-34.0247
-30.7500,-40.5199,-68.1078,-63.9273
-30.7083,-34.1302,-34.5159,-34.6039
-30.6667,-39.3161,-30.9486,-30.9614
-30.6250,-34.3554,-32.5478,-32.5013
-30.5833,-38.7070,-43.1954,-42.9085
-30.5417,-34.9330,-37.4710,-37.6173
-30.5000,-37.7014,-31.2668,-31.2998
-30.4583,-35.1889,-31.0281,-31.0069
-30.4167,-37.0797,-36.3252,-36.2065
-30.3750,-35.3066,-46.0727,-46.5243
-30.3333,-36.9704,-32.8008,-32.8670
-30.2917,-35.8062,-30.4580,-30.4620
-30.2500,-36.4995,-32.7858,-32.7285
-30.2083,-35.9969,-45.6560,-45.2584
-30.1667,-36.1768,-36.6605,-36.7913
-30.1250,-35.9205,-31.2775,-31.3062
-30.0833,-36.3297,-31.4773,-31.4505
-30.0417,-36.2234,-37.6020,-37.4607
-30.0000,-36.1576,-43.3719,-43.6946
-29.9583,-36.2228,-32.4669,-32.5262
-29.9167,-36.0672,-30.4852,-30.4850
-29.8750,-35.9282,-33.0615,-32.9973
-29.8333,-36.4425,-47.2879,-46.7897
-29.7917,-36.0026,-36.1504,-36.2792
-29.7500,-36.5011,-30.9445,-30.9750
-29.7083,-35.7718,-30.9757,-30.9528
-29.6667,-36.6890,-36.2375,-36.1183
-29.6250,-35.3284,-47.5077,-48.0460
-29.5833,-37.3648,-33.2866,-33.3579
-29.5417,-35.2359,-30.7509,-30.7569
-29.5000,-37.7130,-32.7840,-32.7285
-29.4583,-34.8385,-44.0573,-43.7193
-29.4167,-38.3826,-37.3786,-37.5330
-29.3750,-34.3847,-31.1960,-31.2341
-29.3333,-39.6258,-30.5809,-30.5658
-29.2917,-34.2375,-34.5631,-34.4694
-29.2500,-40.5721,-71.6525,-106.9551
-29.2083,-33.8060,-34.4385,-34.5367
-29.1667,-42.4193,-30.6733,-30.6936
-29.1250,-33.5028,-31.4620,-31.4281
-29.0833,-45.3262,-38.0202,-37.8623
-29.0417,-33.4235,-43.1300,-43.4531
-29.0000,-48.7643,-32.6355,-32.6978
-28.9583,-33.1316,-30.6168,-30.6183
-28.9167,-60.2556,-32.8906,-32.8292
-28.8750,-33.1480,-44.5529,-44.1811
-28.8333,-55.8482,-37.3127,-37.4716
-28.7917,-33.2798,-31.1661,-31.2072
-28.7500,-47.7233,-30.3912,-30.3794
-28.7083,-33.3703,-33.8414,-33.7582
-28.6667,-42.6779,-53.3822,-52.3574
-28.6250,-33.9291,-35.5735,-35.6936
-28.5833,-39.9990,-30.9963,-31.0252
-28.5417,-34.5325,-31.1381,-31.1132
-28.5000,-37.8022,-36.1694,-36.0478
-28.4583,-35.4737,-49.7394,-50.4798
-28.4167,-36.0328,-33.6238,-33.7084
-28.3750,-37.1057,-30.4810,-30.4963
-28.3333,-34.9629,-31.4453,-31.4065
-28.2917,-39.0655,-37.9267,-37.7602
-28.2500,-33.9354,-43.6336,-44.0018
-28.2083,-42.7744,-32.6715,-32.7433
-28.1667,-33.4104,-30.2816,-30.2912
-28.1250,-49.9500,-31.7758,-31.7299
-28.0833,-33.1944,-39.3638,-39.1638
-28.0417,-59.6110,-41.5645,-41.8427
-28.0000,-33.1942,-32.4353,-32.4971
-27.9583,-44.6182,-30.5530,-30.5551
-27.9167,-33.8202,-32.6055,-32.5466
-27.8750,-39.9458,-42.3154,-42.0218
-27.8333,-34.7318,-38.8657,-39.0696
-27.7917,-36.8530,-31.6159,-31.6696
-27.7500,-36.5176,-30.1373,-30.1361
-27.7083,-34.9659,-32.3416,-32.2808
-27.6667,-39.4901,-41.8607,-41.5754
-27.6250,-33.8404,-39.2794,-39.4944
-27.5833,-44.8498,-31.9153,-31.9702
-27.5417,-33.1685,-30.4880,-30.4861
-27.5000,-77.6656,-32.8481,-32.7837
-27.4583,-33.2721,-43.3394,-43.0058
-27.4167,-44.9133,-38.4915,-38.6844
-27.3750,-33.8322,-31.6298,-31.6816
-27.3333,-38.8607,-30.2490,-30.2461
-27.2917,-35.3628,-32.4822,-32.4187
-27.2500,-35.8331,-41.9985,-41.7029
-27.2083,-38.1112,-39.3260,-39.5495
-27.1667,-34.0926,-31.8596,-31.9189
-27.1250,-43.5293,-30.2282,-30.2309
-27.0833,-33.2159,-32.1300,-32.0754
-27.0417,-78.6579,-40.3029,-40.0691
-27.0000,-33.2939,-41.0460,-41.3169
-26.9583,-43.4481,-32.3902,-32.4554
-26.9167,-34.1244,-30.3800,-30.3859
-26.8750,-37.5842,-31.9119,-31.8615
-26.8333,-36.3591,-39.0680,-38.8644
-26.7917,-34.8548,-42.7332,-43.0809
-26.7500,-40.6537,-32.6528,-32.7303
-26.7083,-33.4273,-30.1271,-30.1422
-26.6667,-54.4711,-31.0161,-30.9799
-26.6250,-33.1860,-36.2847,-36.1461
-26.5833,-44.7453,-51.5767,-52.5805
-26.5417,-34.0471,-34.2333,-34.3352
-26.5000,-37.7786,-30.7159,-30.7413
-26.4583,-36.3802,-30.9464,-30.9198
-26.4167,-34.6295,-35.1671,-35.0538
-26.3750,-41.7524,-73.3651,-65.8988
-26.3333,-33.3300,-35.2227,-35.3511
-26.2917,-89.2383,-30.7107,-30.7489
-26.2500,-33.2911,-30.1263,-30.1146
-26.2083,-41.4048,-32.8558,-32.7807
-26.1667,-34.8039,-43.3004,-42.9442
-26.1250,-36.1047,-39.0514,-39.2705
-26.0833,-38.4420,-32.0032,-32.0641
-26.0417,-33.7173,-30.3612,-30.3652
-26.0000,-49.3845,-32.0021,-31.9497
-25.9583,-33.1769,-38.9805,-38.7772
-25.9167,-44.8089,-43.6211,-44.0133
-25.8750,-34.1765,-32.9815,-33.0664
-25.8333,-36.9651,-30.1632,-30.1834
-25.7917,-37.4887,-30.5819,-30.5530
-25.7500,-33.9942,-34.6218,-34.5111
-25.7083,-46.7946,-55.4780,-54.0503
-25.6667,-33.1411,-36.1622,-36.3116
-25.6250,-45.4116,-31.2039,-31.2495
-25.5833,-34.1736,-30.3476,-30.3411
-25.5417,-36.8904,-32.6769,-32.6093
-25.5000,-37.7576,-41.4716,-41.1871
-25.4583,-33.8282,-40.7115,-40.9886
-25.4167,-49.5135,-32.3716,-32.4456
-25.3750,-33.1815,-30.0628,-30.0773
-25.3333,-42.8956,-30.7812,-30.7461
-25.2917,-34.6805,-35.1790,-35.0550
-25.2500,-35.8289,-64.3879,-60.8231
-25.2083,-39.5906,-35.7851,-35.9291
-25.1667,-33.4085,-31.1004,-31.1459
-25.1250,-73.2943,-30.2728,-30.2669
-25.0833,-33.4584,-32.4762,-32.4109
-25.0417,-39.1512,-40.5095,-40.2541
-25.0000,-36.1565,-41.9992,-42.3290
-24.9583,-34.3899,-32.7670,-32.8499
-24.9167,-45.0307,-30.1357,-30.1560
-24.8750,-33.1473,-30.4844,-30.4563
-24.8333,-44.3418,-34.0940,-33.9903
-24.7917,-34.5365,-48.5412,-47.8558
-24.7500,-35.8281,-37.5646,-37.7541
-24.7083,-40.0267,-31.6700,-31.7300
-24.6667,-33.3091,-30.1733,-30.1791
-24.6250,-54.2514,-31.5255,-31.4785
-24.5833,-33.7558,-37.0441,-36.8821
-24.5417,-37.4404,-51.3559,-52.3992
-24.5000,-37.7681,-34.5194,-34.6388
-24.4583,-33.6607,-30.6037,-30.6423
-24.4167,-59.4157,-29.9733,-29.9639
-24.3750,-33.4042,-32.0923,-32.0258
-24.3333,-38.8955,-39.2208,-38.9915
-24.2917,-36.6601,-44.4865,-44.9504
-24.2500,-33.9951,-33.5659,-33.6656
-24.2083,-50.8142,-30.5186,-30.5480
-24.1667,-33.2661,-30.4814,-30.4622
-24.1250,-39.8079,-33.4077,-33.3213
-24.0833,-36.2184,-43.6336,-43.2465
-24.0417,-34.1647,-39.8111,-40.0710
-24.0000,-49.1339,-32.2841,-32.3621
-23.9583,-33.2346,-29.9627,-29.9822
-23.9167,-39.8839,-30.3077,-30.2807
-23.8750,-36.2759,-33.5596,-33.4629
-23.8333,-34.0999,-44.6610,-44.2114
-23.7917,-50.7223,-39.4139,-39.6614
-23.7500,-33.2912,-32.3638,-32.4391
-23.7083,-39.1054,-30.2654,-30.2821
-23.6667,-36.8402,-30.8479,-30.8158
-23.6250,-33.8204,-34.5623,-34.4504
-23.5833,-59.1774,-49.1905,-48.4390
-23.5417,-33.5007,-37.8032,-38.0079
-23.5000,-37.7465,-31.7178,-31.7869
-23.4583,-38.1061,-29.8267,-29.8419
-23.4167,-33.4371,-30.4105,-30.3797
-23.3750,-54.1634,-33.8704,-33.7671
-23.3333,-34.0143,-45.7069,-45.1979
-23.2917,-36.1728,-39.1289,-39.3683
-23.2500,-40.6532,-32.3219,-32.3973
-23.2083,-33.1440,-30.2140,-30.2315
-23.1667,-44.2199,-30.6595,-30.6294
-23.1250,-35.0962,-33.9676,-33.8640
-23.0833,-34.6972,-45.2743,-44.7823
-23.0417,-46.6417,-39.4622,-39.7222
-23.0000,-33.2148,-32.3613,-32.4447
-22.9583,-39.0786,-30.0366,-30.0612
-22.9167,-37.2670,-30.1838,-30.1632
-22.8750,-33.5813,-32.8918,-32.8091
-22.8333,-56.5133,-41.1834,-40.8856
-22.7917,-34.0337,-42.6734,-43.0530
-22.7500,-35.8340,-33.3316,-33.4307
-22.7083,-42.0423,-30.3545,-30.3869
-22.6667,-33.1221,-29.9956,-29.9826
-22.6250,-41.1965,-31.9960,-31.9279
-22.5833,-36.2574,-38.0674,-37.8608
-22.5417,-33.8837,-50.0885,-51.0572
-22.5000,-77.6589,-34.9469,-35.0840
-22.4583,-33.7831,-30.9968,-31.0471
-22.4167,-36.0544,-30.0196,-30.0215
-22.3750,-41.7998,-31.3160,-31.2680
-22.3333,-33.1737,-35.8367,-35.6919
-22.2917,-40.9665,-58.9286,-56.7262
-22.2500,-36.5186,-36.8996,-37.0860
-22.2083,-33.6785,-31.5483,-31.6168
-22.1667,-56.8132,-29.7552,-29.7721
-22.1250,-34.1376,-30.1450,-30.1181
-22.0833,-35.2321,-32.9359,-32.8467
-22.0417,-45.1639,-40.9946,-40.6931
-22.0000,-33.3143,-43.5913,-44.0269
-21.9583,-38.5036,-33.7890,-33.8986
-21.9167,-38.4148,-30.6324,-30.6709
-21.8750,-33.2222,-30.0417,-30.0342
-21.8333,-44.3494,-31.6246,-31.5656
-21.7917,-35.5018,-36.5238,-36.3561
-21.7500,-33.9351,-75.6890,-65.9913
-21.7083,-75.1255,-36.6691,-36.8536
-21.6667,-34.0769,-31.6217,-31.6920
-21.6250,-35.5443,-29.9151,-29.9336
-21.5833,-44.7916,-30.3129,-30.2874
-21.5417,-33.2491,-33.0406,-32.9526
-21.5000,-37.7238,-40.8145,-40.5212
-21.4583,-39.5819,-44.2622,-44.7421
-21.4167,-33.1251,-33.9500,-34.0688
-21.3750,-41.1477,-30.5412,-30.5869
-21.3333,-36.9170,-29.6302,-29.6313
-21.2917,-33.5262,-30.6738,-30.6300
-21.2500,-47.7233,-34.2624,-34.1426
-21.2083,-35.0944,-45.2659,-44.7528
-21.1667,-34.0403,-40.4859,-40.7891
-21.1250,-73.4765,-33.0760,-33.1735
-21.0833,-34.1299,-30.4366,-30.4708
-21.0417,-34.9043,-30.0423,-30.0321
-21.0000,-49.7871,-31.6550,-31.5938
-20.9583,-33.6748,-36.3383,-36.1721
-20.9167,-36.2238,-59.1089,-56.7648
-20.8750,-43.4498,-37.5230,-37.7355
-20.8333,-33.2646,-32.0475,-32.1292
-20.7917,-37.4841,-30.0260,-30.0534
-20.7500,-40.5709,-30.0051,-29.9900
-20.7083,-33.0762,-31.9688,-31.9010
-20.6667,-38.7338,-37.2930,-37.1048
-20.6250,-39.0857,-62.9915,-68.6567
-20.5833,-33.2106,-36.4790,-36.6612
-20.5417,-40.4798,-31.5795,-31.6524
-20.5000,-37.8125,-29.7441,-29.7668
-20.4583,-33.2893,-29.7852,-29.7673
-20.4167,-42.2217,-31.7092,-31.6408
-20.3750,-36.8474,-36.7429,-36.5636
-20.3333,-33.2286,-67.8641,-62.5473
-20.2917,-43.1893,-37.2685,-37.4687
-20.2500,-36.4997,-32.0326,-32.1098
-20.2083,-33.3304,-30.0542,-30.0785
-20.1667,-44.0160,-29.9745,-29.9572
-20.1250,-36.3923,-31.7354,-31.6674
-20.0833,-33.5315,-36.3988,-36.2253
-20.0417,-45.0560,-56.2602,-54.4801
-20.0000,-36.1571,-38.2083,-38.4437
-19.9583,-33.5013,-32.4964,-32.5869
-19.9167,-45.1141,-30.2819,-30.3155
-19.8750,-36.0879,-29.9826,-29.9739
-19.8333,-33.3127,-31.4472,-31.3904
-19.7917,-43.8745,-35.4915,-35.3445
-19.7500,-36.4983,-48.7385,-47.9550
-19.7083,-33.2685,-39.7956,-40.0890
-19.6667,-42.5733,-33.0224,-33.1294
-19.6250,-37.1755,-30.3375,-30.3826
-19.5833,-33.3354,-29.6177,-29.6213
-19.5417,-41.5455,-30.5294,-30.4908
-19.5000,-37.8249,-33.4959,-33.3921
-19.4583,-33.2662,-41.1413,-40.8206
-19.4167,-40.1976,-45.7201,-46.3211
-19.3750,-38.7198,-34.7825,-34.9270
-19.3333,-33.0908,-31.0172,-31.0799
-19.2917,-38.4339,-29.5882,-29.6063
-19.2500,-40.5186,-29.7668,-29.7462
-19.2083,-33.1012,-31.6142,-31.5450
-19.1667,-36.8027,-36.1404,-35.9716
-19.1250,-43.8601,-52.6060,-51.3998
-19.0833,-33.4565,-38.9967,-39.2572
-19.0417,-35.6146,-32.8379,-32.9364
-19.0000,-50.0916,-30.3204,-30.3602
-18.9583,-34.0741,-29.6351,-29.6343
-18.9167,-34.7419,-30.4725,-30.4305
-18.8750,-73.0507,-33.1734,-33.0697
-18.8333,-34.8755,-39.7015,-39.4224
-18.7917,-33.9730,-50.8117,-51.9600
-18.7500,-48.0111,-36.1688,-36.3477
-18.7083,-36.0701,-31.8477,-31.9245
-18.6667,-33.3275,-30.0839,-30.1106
-18.6250,-41.5478,-29.9216,-29.9085
-18.5833,-38.2285,-31.2818,-31.2233
-18.5417,-33.0321,-34.7820,-34.6443
-18.5000,-37.6877,-44.0725,-43.5971
-18.4583,-42.5487,-43.4768,-43.9523
-18.4167,-33.3282,-34.6292,-34.7732
-18.3750,-35.2685,-31.2348,-31.3000
-18.3333,-55.4917,-29.9146,-29.9346
-18.2917,-34.4006,-30.0665,-30.0473
-18.2500,-33.8774,-31.7388,-31.6715
-18.2083,-47.1106,-35.7393,-35.5801
-18.1667,-36.4975,-47.4831,-46.7799
-18.1250,-33.2860,-41.3602,-41.7295
-18.0833,-39.7936,-33.9674,-34.0993
-18.0417,-40.3412,-30.9164,-30.9782
-18.0000,-33.4046,-29.7442,-29.7633
-17.9583,-36.2578,-29.9632,-29.9443
-17.9167,-49.7316,-31.6452,-31.5794
-17.8750,-34.3410,-35.5706,-35.4162
-17.8333,-34.2511,-46.6593,-46.0212
-17.7917,-48.4524,-41.8660,-42.2594
-17.7500,-36.5306,-34.1500,-34.2874
-17.7083,-33.3164,-30.9636,-31.0294
-17.6667,-39.2340,-29.6596,-29.6829
-17.6250,-41.3980,-29.7038,-29.6908
-17.5833,-33.4596,-31.1048,-31.0491
-17.5417,-35.3007,-34.4317,-34.3030
-17.5000,-67.3969,-42.5937,-42.1966
-17.4583,-35.0151,-45.6766,-46.3018
-17.4167,-33.4393,-35.3443,-35.5107
-17.3750,-41.6092,-31.5068,-31.5862
-17.3333,-39.0857,-29.7962,-29.8300
-17.2917,-33.1390,-29.4550,-29.4530
-17.2500,-35.8479,-30.3646,-30.3246
-17.2083,-53.7587,-32.8350,-32.7397
-17.1667,-34.5656,-38.2725,-38.0410
-17.1250,-33.4489,-83.8616,-70.5014
-17.0833,-42.0713,-38.1965,-38.4441
-17.0417,-38.8742,-32.8101,-32.9181
-17.0000,-33.0806,-30.3481,-30.4001
-16.9583,-35.6174,-29.4157,-29.4302
-16.9167,-58.0609,-29.6882,-29.6680
-16.8750,-34.8316,-31.2408,-31.1781
-16.8333,-33.2469,-34.6758,-34.5383
-16.7917,-40.3805,-42.9636,-42.5440
-16.7500,-40.4202,-45.7718,-46.4080
-16.7083,-33.2552,-35.5389,-35.7110
-16.6667,-34.7303,-31.6641,-31.7476
-16.6250,-54.6282,-29.8576,-29.8955
-16.5833,-35.9582,-29.3514,-29.3546
-16.5417,-32.9923,-29.9842,-29.9525
-16.5000,-37.6597,-31.9391,-31.8605
-16.4583,-45.3695,-36.0543,-35.8825
-16.4167,-33.9487,-47.4157,-46.7102
-16.3750,-33.6517,-42.2285,-42.6439
-16.3333,-42.9801,-34.5417,-34.6902
-16.2917,-38.8384,-31.2382,-31.3131
-16.2500,-33.1253,-29.7040,-29.7371
-16.2083,-35.0841,-29.3658,-29.3653
-16.1667,-58.3170,-30.1194,-30.0838
-16.1250,-35.9515,-32.1767,-32.0932
-16.0833,-33.0363,-36.4181,-36.2361
-16.0417,-37.2617,-48.3485,-47.5584
-16.0000,-48.0620,-42.0800,-42.4928
-15.9583,-34.4786,-34.6124,-34.7648
-15.9167,-33.4398,-31.3423,-31.4208
-15.8750,-40.2298,-29.7896,-29.8261
-15.8333,-41.8908,-29.3917,-29.3948
-15.7917,-33.7782,-30.0301,-29.9991
-15.7500,-34.1416,-31.8677,-31.7917
-15.7083,-44.0531,-35.5901,-35.4291
-15.6667,-39.2243,-44.6023,-44.0839
-15.6250,-33.5199,-45.2790,-45.8942
-15.5833,-34.9192,-35.8620,-36.0480
-15.5417,-48.6897,-32.0750,-32.1704
-15.5000,-37.8820,-30.2029,-30.2517
-15.4583,-33.4475,-29.5128,-29.5270
-15.4167,-35.5253,-29.8070,-29.7881
-15.3750,-53.7880,-31.1436,-31.0851
-15.3333,-37.1418,-33.9110,-33.7895
-15.2917,-33.3501,-39.5815,-39.2966
-15.2500,-35.8037,-73.3466,-75.7299
-15.2083,-58.9092,-39.3120,-39.6116
-15.1667,-36.6057,-33.8820,-34.0188
-15.1250,-33.1423,-31.2256,-31.2990
-15.0833,-35.8296,-29.9461,-29.9795
-15.0417,-65.1405,-29.6570,-29.6571
-15.0000,-36.1570,-30.2774,-30.2432
-14.9583,-32.9375,-31.9417,-31.8632
-14.9167,-35.8261,-35.1674,-35.0119
-14.8750,-73.8270,-42.0496,-41.6543
-14.8333,-36.0007,-52.4117,-53.9244
-14.7917,-32.9430,-38.1106,-38.3653
-14.7500,-35.8556,-33.4575,-33.5807
-14.7083,-64.5756,-31.0616,-31.1268
-14.6667,-36.5079,-29.8874,-29.9143
-14.6250,-33.2260,-29.6260,-29.6205
-14.5833,-35.6261,-30.2194,-30.1806
-14.5417,-52.2713,-31.8008,-31.7196
-14.5000,-37.8997,-34.8485,-34.6957
-14.4583,-33.5618,-41.1827,-40.8228
-14.4167,-34.8333,-56.3109,-58.8074
-14.3750,-44.9357,-38.6290,-38.8990
-14.3333,-40.0012,-33.6165,-33.7429
-14.2917,-33.7001,-31.0291,-31.0965
-14.2500,-33.7932,-29.7034,-29.7335
-14.2083,-40.8118,-29.2955,-29.2953
-14.1667,-42.6041,-29.7232,-29.6930
-14.1250,-33.9436,-31.0804,-31.0135
-14.0833,-33.1964,-33.7349,-33.6100
-14.0417,-38.4641,-38.9481,-38.6800
-14.0000,-47.7160,-60.3555,-57.4684
-13.9583,-35.1075,-40.5100,-40.8574
-13.9167,-33.2742,-34.4680,-34.6206
-13.8750,-36.4769,-31.5034,-31.5887
-13.8333,-57.9506,-29.9459,-29.9919
-13.7917,-37.8096,-29.3326,-29.3481
-13.7500,-33.5903,-29.5153,-29.5020
-13.7083,-34.3896,-30.5070,-30.4605
-13.6667,-42.1029,-32.4965,-32.4037
-13.6250,-42.2572,-36.0733,-35.8938
-13.5833,-34.0322,-43.6933,-43.2094
-13.5417,-33.0896,-50.3725,-51.5659
-13.5000,-37.6071,-38.2650,-38.5327
-13.4583,-52.7941,-33.8461,-33.9845
-13.4167,-35.8349,-31.4565,-31.5363
-13.3750,-33.2339,-30.1545,-30.1959
-13.3333,-35.2518,-29.6301,-29.6404
-13.2917,-45.4570,-29.7839,-29.7644
-13.2500,-41.1985,-30.6418,-30.5893
-13.2083,-34.3663,-32.3756,-32.2795
-13.1667,-33.3971,-35.4753,-35.3041
-13.1250,-37.1582,-41.7053,-41.3172
-13.0833,-64.5098,-58.6502,-62.1382
-13.0417,-36.3726,-39.4938,-39.8003
-13.0000,-32.9543,-34.2795,-34.4251
-12.9583,-34.3913,-31.5023,-31.5846
-12.9167,-42.8491,-29.9489,-29.9934
-12.8750,-43.0189,-29.2462,-29.2620
-12.8333,-35.0193,-29.2664,-29.2559
-12.7917,-33.4832,-30.0082,-29.9691
-12.7500,-35.7935,-31.5952,-31.5186
-12.7083,-47.3596,-34.3899,-34.2509
-12.6667,-39.7624,-39.5601,-39.2673
-12.6250,-33.6126,-57.2873,-55.1155
-12.5833,-33.1439,-42.3072,-42.7580
-12.5417,-37.5907,-35.9480,-36.1456
-12.5000,-61.3233,-32.7854,-32.9008
-12.4583,-37.3274,-30.9652,-31.0347
-12.4167,-33.7728,-29.9671,-30.0031
-12.3750,-34.0608,-29.5911,-29.5984
-12.3333,-38.5604,-29.7717,-29.7512
-12.2917,-56.8400,-30.5359,-30.4849
-12.2500,-36.4709,-32.0202,-31.9303
-12.2083,-32.9483,-34.5778,-34.4268
-12.1667,-33.9273,-39.2587,-38.9677
-12.1250,-40.4951,-53.1651,-51.7459
-12.0833,-47.9228,-43.3186,-43.8202
-12.0417,-36.4259,-36.1912,-36.3905
-12.0000,-33.6097,-32.7059,-32.8188
-11.9583,-34.1005,-30.7010,-30.7692
-11.9167,-39.1705,-29.6099,-29.6476
-11.8750,-50.5725,-29.2142,-29.2264
-11.8333,-35.8528,-29.4275,-29.4148
-11.7917,-33.0609,-30.2430,-30.2021
-11.7500,-34.2555,-31.7367,-31.6590
-11.7083,-39.8259,-34.1360,-34.0017
-11.6667,-55.9676,-38.0935,-37.8456
-11.6250,-37.6001,-46.4850,-45.7948
-11.5833,-33.4545,-50.0580,-51.2355
-11.5417,-33.2624,-39.2814,-39.5899
-11.5000,-37.5613,-34.8461,-35.0092
-11.4583,-71.0807,-32.2158,-32.3137
-11.4167,-38.0729,-30.5526,-30.6103
-11.3750,-34.1841,-29.5742,-29.6026
-11.3333,-33.6314,-29.1765,-29.1805
-11.2917,-35.8698,-29.3398,-29.3204
-11.2500,-45.6283,-30.1045,-30.0591
-11.2083,-41.2416,-31.5853,-31.5057
-11.1667,-34.3049,-34.0469,-33.9128
-11.1250,-33.1552,-38.2060,-37.9562
-11.0833,-35.1481,-47.3521,-46.5973
-11.0417,-41.1482,-48.7977,-49.8072
-11.0000,-52.2303,-39.1254,-39.4331
-10.9583,-36.9023,-35.0274,-35.2005
-10.9167,-33.0883,-32.5893,-32.6990
-10.8750,-33.3066,-31.0053,-31.0743
-10.8333,-37.5046,-29.9892,-30.0275
-10.7917,-53.4079,-29.4351,-29.4479
-10.7500,-41.3993,-29.3249,-29.3145
-10.7083,-35.1059,-29.6964,-29.6626
-10.6667,-32.9213,-30.6397,-30.5786
-10.6250,-34.0430,-32.3259,-32.2271
-10.5833,-40.3374,-35.1144,-34.9517
-10.5417,-51.2346,-40.0197,-39.7021
-10.5000,-37.9984,-53.6360,-52.1295
-10.4583,-34.3166,-45.0606,-45.7026
-10.4167,-33.1506,-37.9858,-38.2527
-10.3750,-34.8933,-34.5283,-34.6896
-10.3333,-43.0885,-32.3929,-32.4989
-10.2917,-44.8805,-30.9668,-31.0353
-10.2500,-36.5650,-30.0154,-30.0548
-10.2083,-34.0088,-29.4547,-29.4697
-10.1667,-33.3918,-29.2808,-29.2738
-10.1250,-35.4427,-29.5379,-29.5091
-10.0833,-44.7611,-30.3075,-30.2542
-10.0417,-43.2607,-31.7195,-31.6342
-10.0000,-36.1560,-34.0077,-33.8719
-9.9583,-33.9588,-37.7125,-37.4757
-9.9167,-33.4332,-44.8016,-44.2321
-9.8750,-35.4209,-57.3534,-60.4167
-9.8333,-44.4017,-41.9204,-42.3629
-9.7917,-43.9414,-36.9978,-37.2313
-9.7500,-36.5688,-34.1049,-34.2531
-9.7083,-34.1188,-32.1211,-32.2188
-9.6667,-33.2375,-30.7001,-30.7628
-9.6250,-34.8338,-29.7294,-29.7656
-9.5833,-42.2682,-29.1879,-29.2025
-9.5417,-47.7685,-29.0889,-29.0838
-9.5000,-38.0340,-29.4553,-29.4300
-9.4583,-34.5880,-30.3123,-30.2633
-9.4167,-32.9454,-31.6938,-31.6134
-9.3750,-33.9623,-33.6736,-33.5476
-9.3333,-39.4633,-36.4591,-36.2582
-9.2917,-79.7620,-40.7166,-40.3601
-9.2500,-41.5701,-49.7312,-48.7190
-9.2083,-35.6506,-50.7486,-52.0496
-9.1667,-32.8737,-40.6166,-40.9864
-9.1250,-33.2390,-36.0231,-36.2224
-9.0833,-36.8089,-33.1657,-33.2921
-9.0417,-44.0602,-31.2970,-31.3823
-9.0000,-53.4560,-30.1353,-30.1933
-8.9583,-37.9704,-29.5221,-29.5586
-8.9167,-33.5687,-29.3328,-29.3498
-8.8750,-33.1581,-29.4555,-29.4529
-8.8333,-34.7149,-29.8029,-29.7793
-8.7917,-37.2064,-30.3403,-30.2940
-8.7500,-44.9974,-31.1168,-31.0455
-8.7083,-43.8729,-32.2843,-32.1827
-8.6667,-36.1422,-34.1193,-33.9743
-8.6250,-34.3361,-37.1392,-36.9137
-8.5833,-33.5023,-42.7542,-42.3018
-8.5417,-33.6883,-67.9701,-61.9195
-8.5000,-37.4574,-44.2465,-44.8376
-8.4583,-51.8752,-38.4847,-38.7752
-8.4167,-45.0509,-35.4663,-35.6569
-8.3750,-37.9720,-33.4759,-33.6108
-8.3333,-33.7755,-31.9702,-32.0658
-8.2917,-32.6350,-30.7605,-30.8257
-8.2500,-34.4338,-29.8284,-29.8697
-8.2083,-37.5016,-29.2265,-29.2484
-8.1667,-42.5470,-29.0096,-29.0145
-8.1250,-51.1507,-29.1966,-29.1848
-8.0833,-37.3954,-29.7571,-29.7267
-8.0417,-34.7619,-30.6180,-30.5651
-8.0000,-33.8913,-31.6995,-31.6191
-7.9583,-33.1179,-32.9857,-32.8719
-7.9167,-34.7155,-34.6166,-34.4595
-7.8750,-41.0781,-36.9972,-36.7723
-7.8333,-60.7760,-41.1241,-40.7460
-7.7917,-44.9221,-51.5729,-50.3436
-7.7500,-36.4349,-48.3567,-49.3246
-7.7083,-33.2670,-40.0786,-40.4328
-7.6667,-33.5119,-36.4144,-36.6350
-7.6250,-34.3208,-34.2766,-34.4357
-7.5833,-35.3211,-32.8131,-32.9321
-7.5417,-41.0188,-31.6360,-31.7235
-7.5000,-55.1291,-30.6072,-30.6686
-7.4583,-42.0022,-29.7587,-29.7988
-7.4167,-37.0980,-29.1935,-29.2162
-7.3750,-33.3336,-28.9947,-29.0022
-7.3333,-32.8204,-29.1742,-29.1666
-7.2917,-34.5245,-29.6608,-29.6363
-7.2500,-35.7521,-30.3267,-30.2825
-7.2083,-39.0041,-31.0608,-30.9947
-7.1667,-68.0732,-31.8689,-31.7789
-7.1250,-42.3113,-32.9277,-32.8096
-7.0833,-38.4267,-34.5659,-34.4078
-7.0417,-34.3997,-37.2672,-37.0356
-7.0000,-32.5585,-41.9670,-41.5517
-6.9583,-33.8059,-52.8918,-51.4646
-6.9167,-35.1940,-51.0821,-52.4679
-6.8750,-36.4905,-42.9987,-43.5147
-6.8333,-44.4382,-39.1622,-39.4783
-6.7917,-49.0001,-36.3866,-36.6007
-6.7500,-42.0234,-34.0928,-34.2426
-6.7083,-36.7432,-32.2583,-32.3663
-6.6667,-33.1746,-30.9549,-31.0356
-6.6250,-33.3238,-30.1792,-30.2407
-6.5833,-34.1913,-29.8155,-29.8611
-6.5417,-34.0819,-29.6643,-29.6947
-6.5000,-37.3397,-29.5332,-29.5480
-6.4583,-47.5800,-29.3563,-29.3559
-6.4167,-74.9814,-29.2367,-29.2224
-6.3750,-43.4190,-29.3596,-29.3320
-6.3333,-35.6844,-29.8618,-29.8193
-6.2917,-34.4037,-30.7487,-30.6872
-6.2500,-34.1670,-31.8807,-31.7947
-6.2083,-32.6204,-33.0575,-32.9425
-6.1667,-33.7157,-34.2164,-34.0692
-6.1250,-37.4042,-35.6107,-35.4239
-6.0833,-39.1615,-37.8256,-37.5721
-6.0417,-46.0494,-41.8976,-41.4810
-6.0000,-45.0024,-51.3780,-50.1618
-5.9583,-40.2413,-52.9938,-54.7597
-5.9167,-37.3986,-44.1549,-44.7524
-5.8750,-33.3757,-40.5343,-40.9148
-5.8333,-33.1171,-37.9533,-38.2220
-5.7917,-34.1889,-35.6068,-35.7983
-5.7500,-33.3296,-33.5490,-33.6883
-5.7083,-35.2110,-32.0121,-32.1184
-5.6667,-41.0203,-31.0769,-31.1622
-5.6250,-43.7258,-30.6100,-30.6796
-5.5833,-68.2032,-30.3267,-30.3816
-5.5417,-40.1702,-29.9622,-30.0020
-5.5000,-38.3039,-29.4741,-29.4994
-5.4583,-36.1116,-29.0552,-29.0681
-5.4167,-32.7755,-28.9320,-28.9340
-5.3750,-33.3638,-29.1755,-29.1664
-5.3333,-34.1814,-29.6445,-29.6224
-5.2917,-33.1341,-30.0792,-30.0430
-5.2500,-35.9420,-30.3371,-30.2872
-5.2083,-40.6624,-30.5654,-30.5025
-5.1667,-41.4432,-31.0827,-31.0051
-5.1250,-75.7824,-32.1148,-32.0163
-5.0833,-41.9477,-33.6177,-33.4880
-5.0417,-41.3498,-35.2565,-35.0857
-5.0000,-36.1573,-36.6843,-36.4689
-4.9583,-33.3450,-38.0836,-37.8190
-4.9167,-34.5475,-40.3570,-40.0047
-4.8750,-33.1246,-45.2218,-44.6024
-4.8333,-32.4521,-62.2680,-58.5512
-4.7917,-35.5376,-49.6716,-50.8453
-4.7500,-35.7034,-44.3341,-44.9472
-4.7083,-36.8042,-41.6777,-42.1158
-4.6667,-47.2529,-39.1501,-39.4642
-4.6250,-52.0972,-36.5310,-36.7525
-4.5833,-59.5344,-34.3976,-34.5627
-4.5417,-38.8318,-33.0871,-33.2216
-4.5000,-38.4469,-32.4683,-32.5851
-4.4583,-36.6478,-32.0742,-32.1757
-4.4167,-32.8426,-31.4485,-31.5323
-4.3750,-34.0628,-30.5756,-30.6418
-4.3333,-33.7842,-29.8286,-29.8811
-4.2917,-32.0889,-29.5072,-29.5497
-4.2500,-34.9945,-29.5608,-29.5946
-4.2083,-35.5974,-29.6411,-29.6651
-4.1667,-35.1904,-29.4460,-29.4595
-4.1250,-42.7121,-29.0768,-29.0809
-4.0833,-44.7002,-28.9064,-28.9024
-4.0417,-47.8242,-29.1510,-29.1387
-4.0000,-43.2457,-29.6506,-29.6282
-3.9583,-43.4406,-30.0021,-29.9689
-3.9167,-40.2100,-30.0201,-29.9775
-3.8750,-34.3549,-30.0078,-29.9572
-3.8333,-35.9621,-30.3955,-30.3349
-3.7917,-34.2691,-31.2644,-31.1888
-3.7500,-31.9816,-32.2147,-32.1203
-3.7083,-34.6060,-32.7473,-32.6372
-3.6667,-33.0884,-32.9729,-32.8519
-3.6250,-32.6875,-33.5645,-33.4280
-3.5833,-36.7975,-34.9942,-34.8256
-3.5417,-34.7800,-37.0115,-36.7890
-3.5000,-36.9357,-38.6415,-38.3621
-3.4583,-45.1144,-39.4360,-39.1207
-3.4167,-40.4247,-40.6181,-40.2515
-3.3750,-58.5793,-44.0833,-43.5361
-3.3333,-46.4671,-52.8099,-51.3723
-3.2917,-58.3474,-65.0686,-77.0346
-3.2500,-38.3046,-55.4659,-57.9479
-3.2083,-37.6173,-51.2589,-52.6904
-3.1667,-38.9035,-45.2774,-45.9576
-3.1250,-33.0740,-40.6417,-41.0297
-3.0833,-35.0980,-38.3483,-38.6415
-3.0417,-34.4425,-37.7372,-38.0050
-3.0000,-31.5579,-37.3401,-37.5883
-2.9583,-35.0534,-35.9816,-36.1864
-2.9167,-32.8202,-34.2457,-34.4079
-2.8750,-32.4140,-33.2368,-33.3765
-2.8333,-36.7148,-33.1065,-33.2386
-2.7917,-33.0349,-33.0570,-33.1815
-2.7500,-36.0596,-32.3163,-32.4239
-2.7083,-39.8243,-31.2718,-31.3619
-2.6667,-35.4323,-30.7600,-30.8402
-2.6250,-46.8789,-30.8904,-30.9663
-2.5833,-44.6695,-30.9610,-31.0311
-2.5417,-43.0450,-30.4056,-30.4655
-2.5000,-44.4679,-29.6914,-29.7417
-2.4583,-56.6955,-29.5266,-29.5713
-2.4167,-44.9447,-29.8516,-29.8925
-2.3750,-37.9946,-29.9181,-29.9534
-2.3333,-47.4372,-29.3963,-29.4246
-2.2917,-34.9931,-28.9396,-28.9621
-2.2500,-36.8216,-29.1034,-29.1217
-2.2083,-38.0969,-29.5417,-29.5554
-2.1667,-31.9970,-29.4686,-29.4767
-2.1250,-37.2662,-28.9521,-28.9555
-2.0833,-33.1192,-28.8171,-28.8167
-2.0417,-32.0630,-29.3002,-29.2950
-2.0000,-36.7361,-29.6709,-29.6601
-1.9583,-30.7408,-29.3448,-29.3299
-1.9167,-34.5562,-28.9674,-28.9496
-1.8750,-34.2300,-29.2849,-29.2627
-1.8333,-30.9441,-29.9377,-29.9090
-1.7917,-38.1341,-29.9431,-29.9097
-1.7500,-31.8276,-29.4542,-29.4192
-1.7083,-34.3994,-29.5312,-29.4927
-1.6667,-38.2939,-30.2970,-30.2509
-1.6250,-31.6693,-30.6514,-30.5989
-1.5833,-42.7762,-30.1644,-30.1115
-1.5417,-34.9543,-30.0087,-29.9540
-1.5000,-35.8740,-30.7886,-30.7251
-1.4583,-51.1871,-31.4418,-31.3691
-1.4167,-33.6346,-31.0024,-30.9301
-1.3750,-64.2921,-30.6521,-30.5803
-1.3333,-41.1472,-31.4323,-31.3506
-1.2917,-38.6927,-32.3212,-32.2268
-1.2500,-43.0637,-31.8880,-31.7951
-1.2083,-36.3852,-31.3858,-31.2961
-1.1667,-43.6594,-32.2359,-32.1343
-1.1250,-66.2974,-33.2982,-33.1801
-1.0833,-42.8759,-32.7351,-32.6221
-1.0417,-35.7514,-32.1473,-32.0401
-1.0000,-39.0185,-33.2235,-33.0996
-0.9583,-37.0590,-34.3416,-34.1975
-0.9167,-45.2593,-33.4254,-33.2939
-0.8750,-49.1552,-32.9315,-32.8058
-0.8333,-32.0628,-34.4640,-34.3116
-0.7917,-39.6080,-35.2866,-35.1167
-0.7500,-32.9154,-33.8289,-33.6841
-0.7083,-42.3364,-33.8868,-33.7396
-0.6667,-72.6358,-36.0030,-35.8128
-0.6250,-29.5811,-35.6807,-35.4963
-0.5833,-36.7390,-34.0209,-33.8677
-0.5417,-29.1796,-35.4649,-35.2814
-0.5000,-49.5258,-37.3196,-37.0916
-0.4583,-46.6034,-35.0359,-34.8616
-0.4167,-27.6805,-34.8427,-34.6706
-0.3750,-31.4592,-37.9857,-37.7345
-0.3333,-24.7656,-36.3296,-36.1223
-0.2917,-35.4946,-34.6313,-34.4616
-0.2500,-34.0499,-38.2334,-37.9732
-0.2083,-26.1944,-36.8158,-36.5954
-0.1667,-23.8489,-35.2689,-35.0869
-0.1250,-17.0488,-27.9636,-27.8846
-0.0833,-16.6002,-11.7065,-11.6967
-0.0417,-13.8015,-2.7919,-2.7905
0.0000,0.0000,0.0000,0.0000
0.0417,-13.8015,-2.7919,-2.7905
0.0833,-16.6002,-11.7065,-11.6967
0.1250,-17.0488,-27.9636,-27.8846
0.1667,-23.8489,-35.2689,-35.0869
0.2083,-26.1944,-36.8158,-36.5954
0.2500,-34.0499,-38.2334,-37.9732
0.2917,-35.4946,-34.6313,-34.4616
0.3333,-24.7656,-36.3296,-36.1223
0.3750,-31.4592,-37.9857,-37.7345
0.4167,-27.6805,-34.8427,-34.6706
0.4583,-46.6034,-35.0359,-34.8616
0.5000,-49.5258,-37.3196,-37.0916
0.5417,-29.1796,-35.4649,-35.2814
0.5833,-36.7390,-34.0209,-33.8677
0.6250,-29.5811,-35.6807,-35.4963
0.6667,-72.6358,-36.0030,-35.8128
0.7083,-42.3364,-33.8868,-33.7396
0.7500,-32.9154,-33.8289,-33.6841
0.7917,-39.6080,-35.2866,-35.1167
0.8333,-32.0628,-34.4640,-34.3116
0.8750,-49.1552,-32.9315,-32.8058
0.9167,-45.2593,-33.4254,-33.2939
0.9583,-37.0590,-34.3416,-34.1975
1.0000,-39.0185,-33.2235,-33.0996
1.0417,-35.7514,-32.1473,-32.0401
1.0833,-42.8759,-32.7351,-32.6221
1.1250,-66.2974,-33.2982,-33.1801
1.1667,-43.6594,-32.2359,-32.1343
1.2083,-36.3852,-31.3858,-31.2961
1.2500,-43.0637,-31.8880,-31.7951
1.2917,-38.6927,-32.3212,-32.2268
1.3333,-41.1472,-31.4323,-31.3506
1.3750,-64.2921,-30.6521,-30.5803
1.4167,-33.6346,-31.0024,-30.9301
1.4583,-51.1871,-31.4418,-31.3691
1.5000,-35.8740,-30.7886,-30.7251
1.5417,-34.9543,-30.0087,-29.9540
1.5833,-42.7762,-30.1644,-30.1115
1.6250,-31.6693,-30.6514,-30.5989
1.6667,-38.2939,-30.2970,-30.2509
1.7083,-34.3994,-29.5312,-29.4927
1.7500,-31.8276,-29.4542,-29.4192
1.7917,-38.1341,-29.9431,-29.9097
1.8333,-30.9441,-29.9377,-29.9090
1.8750,-34.2300,-29.2849,-29.2627
1.9167,-34.5562,-28.9674,-28.9496
1.9583,-30.7408,-29.3448,-29.3299
2.0000,-36.7361,-29.6709,-29.6601
2.0417,-32.0630,-29.3002,-29.2950
2.0833,-33.1192,-28.8171,-28.8167
2.1250,-37.2662,-28.9521,-28.9555
2.1667,-31.9970,-29.4686,-29.4767
2.2083,-38.0969,-29.5417,-29.5554
2.2500,-36.8216,-29.1034,-29.1217
2.2917,-34.9931,-28.9396,-28.9621
2.3333,-47.4372,-29.3963,-29.4246
2.3750,-37.9946,-29.9181,-29.9534
2.4167,-44.9447,-29.8516,-29.8925
2.4583,-56.6955,-29.5266,-29.5713
2.5000,-44.4679,-29.6914,-29.7417
2.5417,-43.0450,-30.4056,-30.4655
2.5833,-44.6695,-30.9610,-31.0311
2.6250,-46.8789,-30.8904,-30.9663
2.6667,-35.4323,-30.7600,-30.8402
2.7083,-39.8243,-31.2718,-31.3619
2.7500,-36.0596,-32.3163,-32.4239
2.7917,-33.0349,-33.0570,-33.1815
2.8333,-36.7148,-33.1065,-33.2386
2.8750,-32.4140,-33.2368,-33.3765
2.9167,-32.8202,-34.2457,-34.4079
2.9583,-35.0534,-35.9816,-36.1864
3.0000,-31.5579,-37.3401,-37.5883
3.0417,-34.4425,-37.7372,-38.0050
3.0833,-35.0980,-38.3483,-38.6415
3.1250,-33.0740,-40.6417,-41.0297
3.1667,-38.9035,-45.2774,-45.9576
3.2083,-37.6173,-51.2589,-52.6904
3.2500,-38.3046,-55.4659,-57.9479
3.2917,-58.3474,-65.0686,-77.0346
3.3333,-46.4671,-52.8099,-51.3723
3.3750,-58.5793,-44.0833,-43.5361
3.4167,-40.4247,-40.6181,-40.2515
3.4583,-45.1144,-39.4360,-39.1207
3.5000,-36.9357,-38.6415,-38.3621
3.5417,-34.7800,-37.0115,-36.7890
3.5833,-36.7975,-34.9942,-34.8256
3.6250,-32.6875,-33.5645,-33.4280
3.6667,-33.0884,-32.9729,-32.8519
3.7083,-34.6060,-32.7473,-32.6372
3.7500,-31.9816,-32.2147,-32.1203
3.7917,-34.2691,-31.2644,-31.1888
3.8333,-35.9621,-30.3955,-30.3349
3.8750,-34.3549,-30.0078,-29.9572
3.9167,-40.2100,-30.0201,-29.9775
3.9583,-43.4406,-30.0021,-29.9689
4.0000,-43.2457,-29.6506,-29.6282
4.0417,-47.8242,-29.1510,-29.1387
4.0833,-44.7002,-28.9064,-28.9024
4.1250,-42.7121,-29.0768,-29.0809
4.1667,-35.1904,-29.4460,-29.4595
4.2083,-35.5974,-29.6411,-29.6651
4.2500,-34.9945,-29.5608,-29.5946
4.2917,-32.0889,-29.5072,-29.5497
4.3333,-33.7842,-29.8286,-29.8811
4.3750,-34.0628,-30.5756,-30.6418
4.4167,-32.8426,-31.4485,-31.5323
4.4583,-36.6478,-32.0742,-32.1757
4.5000,-38.4469,-32.4683,-32.5851
4.5417,-38.8318,-33.0871,-33.2216
4.5833,-59.5344,-34.3976,-34.5627
4.6250,-52.0972,-36.5310,-36.7525
4.6667,-47.2529,-39.1501,-39.4642
4.7083,-36.8042,-41.6777,-42.1158
4.7500,-35.7034,-44.3341,-44.9472
4.7917,-35.5376,-49.6716,-50.8453
4.8333,-32.4521,-62.2680,-58.5512
4.8750,-33.1246,-45.2218,-44.6024
4.9167,-34.5475,-40.3570,-40.0047
4.9583,-33.3450,-38.0836,-37.8190
5.0000,-36.1573,-36.6843,-36.4689
5.0417,-41.3498,-35.2565,-35.0857
5.0833,-41.9477,-33.6177,-33.4880
5.1250,-75.7824,-32.1148,-32.0163
5.1667,-41.4432,-31.0827,-31.0051
5.2083,-40.6624,-30.5654,-30.5025
5.2500,-35.9420,-30.3371,-30.2872
5.2917,-33.1341,-30.0792,-30.0430
5.3333,-34.1814,-29.6445,-29.6224
5.3750,-33.3638,-29.1755,-29.1664
5.4167,-32.7755,-28.9320,-28.9340
5.4583,-36.1116,-29.0552,-29.0681
5.5000,-38.3039,-29.4741,-29.4994
5.5417,-40.1702,-29.9622,-30.0020
5.5833,-68.2032,-30.3267,-30.3816
5.6250,-43.7258,-30.6100,-30.6796
5.6667,-41.0203,-31.0769,-31.1622
5.7083,-35.2110,-32.0121,-32.1184
5.7500,-33.3296,-33.5490,-33.6883
5.7917,-34.1889,-35.6068,-35.7983
5.8333,-33.1171,-37.9533,-38.2220
5.8750,-33.3757,-40.5343,-40.9148
5.9167,-37.3986,-44.1549,-44.7524
5.9583,-40.2413,-52.9938,-54.7597
6.0000,-45.0024,-51.3780,-50.1618
6.0417,-46.0494,-41.8976,-41.4810
6.0833,-39.1615,-37.8256,-37.5721
6.1250,-37.4042,-35.6107,-35.4239
6.1667,-33.7157,-34.2164,-34.0692
6.2083,-32.6204,-33.0575,-32.9425
6.2500,-34.1670,-31.8807,-31.7947
6.2917,-34.4037,-30.7487,-30.6872
6.3333,-35.6844,-29.8618,-29.8193
6.3750,-43.4190,-29.3596,-29.3320
6.4167,-74.9814,-29.2367,-29.2224
6.4583,-47.5800,-29.3563,-29.3559
6.5000,-37.3397,-29.5332,-29.5480
6.5417,-34.0819,-29.6643,-29.6947
6.5833,-34.1913,-29.8155,-29.8611
6.6250,-33.3238,-30.1792,-30.2407
6.6667,-33.1746,-30.9549,-31.0356
6.7083,-36.7432,-32.2583,-32.3663
6.7500,-42.0234,-34.0928,-34.2426
6.7917,-49.0001,-36.3866,-36.6007
6.8333,-44.4382,-39.1622,-39.4783
6.8750,-36.4905,-42.9987,-43.5147
6.9167,-35.1940,-51.0821,-52.4679
6.9583,-33.8059,-52.8918,-51.4646
7.0000,-32.5585,-41.9670,-41.5517
7.0417,-34.3997,-37.2672,-37.0356
7.0833,-38.4267,-34.5659,-34.4078
7.1250,-42.3113,-32.9277,-32.8096
7.1667,-68.0732,-31.8689,-31.7789
7.2083,-39.0041,-31.0608,-30.9947
7.2500,-35.7521,-30.3267,-30.2825
7.2917,-34.5245,-29.6608,-29.6363
7.3333,-32.8204,-29.1742,-29.1666
7.3750,-33.3336,-28.9947,-29.0022
7.4167,-37.0980,-29.1935,-29.2162
7.4583,-42.0022,-29.7587,-29.7988
7.5000,-55.1291,-30.6072,-30.6686
7.5417,-41.0188,-31.6360,-31.7235
7.5833,-35.3211,-32.8131,-32.9321
7.6250,-34.3208,-34.2766,-34.4357
7.6667,-33.5119,-36.4144,-36.6350
7.7083,-33.2670,-40.0786,-40.4328
7.7500,-36.4349,-48.3567,-49.3246
7.7917,-44.9221,-51.5729,-50.3436
7.8333,-60.7760,-41.1241,-40.7460
7.8750,-41.0781,-36.9972,-36.7723
7.9167,-34.7155,-34.6166,-34.4595
7.9583,-33.1179,-32.9857,-32.8719
8.0000,-33.8913,-31.6995,-31.6191
8.0417,-34.7619,-30.6180,-30.5651
8.0833,-37.3954,-29.7571,-29.7267
8.1250,-51.1507,-29.1966,-29.1848
8.1667,-42.5470,-29.0096,-29.0145
8.2083,-37.5016,-29.2265,-29.2484
8.2500,-34.4338,-29.8284,-29.8697
8.2917,-32.6350,-30.7605,-30.8257
8.3333,-33.7755,-31.9702,-32.0658
8.3750,-37.9720,-33.4759,-33.6108
8.4167,-45.0509,-35.4663,-35.6569
8.4583,-51.8752,-38.4847,-38.7752
8.5000,-37.4574,-44.2465,-44.8376
8.5417,-33.6883,-67.9701,-61.9195
8.5833,-33.5023,-42.7542,-42.3018
8.6250,-34.3361,-37.1392,-36.9137
8.6667,-36.1422,-34.1193,-33.9743
8.7083,-43.8729,-32.2843,-32.1827
8.7500,-44.9974,-31.1168,-31.0455
8.7917,-37.2064,-30.3403,-30.2940
8.8333,-34.7149,-29.8029,-29.7793
8.8750,-33.1581,-29.4555,-29.4529
8.9167,-33.5687,-29.3328,-29.3498
8.9583,-37.9704,-29.5221,-29.5586
9.0000,-53.4560,-30.1353,-30.1933
9.0417,-44.0602,-31.2970,-31.3823
9.0833,-36.8089,-33.1657,-33.2921
9.1250,-33.2390,-36.0231,-36.2224
9.1667,-32.8737,-40.6166,-40.9864
9.2083,-35.6506,-50.7486,-52.0496
9.2500,-41.5701,-49.7312,-48.7190
9.2917,-79.7620,-40.7166,-40.3601
9.3333,-39.4633,-36.4591,-36.2582
9.3750,-33.9623,-33.6736,-33.5476
9.4167,-32.9454,-31.6938,-31.6134
9.4583,-34.5880,-30.3123,-30.2633
9.5000,-38.0340,-29.4553,-29.4300
9.5417,-47.7685,-29.0889,-29.0838
9.5833,-42.2682,-29.1879,-29.2025
9.6250,-34.8338,-29.7294,-29.7656
9.6667,-33.2375,-30.7001,-30.7628
9.7083,-34.1188,-32.1211,-32.2188
9.7500,-36.5688,-34.1049,-34.2531
9.7917,-43.9414,-36.9978,-37.2313
9.8333,-44.4017,-41.9204,-42.3629
9.8750,-35.4209,-57.3534,-60.4167
9.9167,-33.4332,-44.8016,-44.2321
9.9583,-33.9588,-37.7125,-37.4757
10.0000,-36.1560,-34.0077,-33.8719
10.0417,-43.2607,-31.7195,-31.6342
10.0833,-44.7611,-30.3075,-30.2542
10.1250,-35.4427,-29.5379,-29.5091
10.1667,-33.3918,-29.2808,-29.2738
10.2083,-34.0088,-29.4547,-29.4697
10.2500,-36.5650,-30.0154,-30.0548
10.2917,-44.8805,-30.9668,-31.0353
10.3333,-43.0885,-32.3929,-32.4989
10.3750,-34.8933,-34.5283,-34.6896
10.4167,-33.1506,-37.9858,-38.2527
10.4583,-34.3166,-45.0606,-45.7026
10.5000,-37.9984,-53.6360,-52.1295
10.5417,-51.2346,-40.0197,-39.7021
10.5833,-40.3374,-35.1144,-34.9517
10.6250,-34.0430,-32.3259,-32.2271
10.6667,-32.9213,-30.6397,-30.5786
10.7083,-35.1059,-29.6964,-29.6626
10.7500,-41.3993,-29.3249,-29.3145
10.7917,-53.4079,-29.4351,-29.4479
10.8333,-37.5046,-29.9892,-30.0275
10.8750,-33.3066,-31.0053,-31.0743
10.9167,-33.0883,-32.5893,-32.6990
10.9583,-36.9023,-35.0274,-35.2005
11.0000,-52.2303,-39.1254,-39.4331
11.0417,-41.1482,-48.7977,-49.8072
11.0833,-35.1481,-47.3521,-46.5973
11.1250,-33.1552,-38.2060,-37.9562
11.1667,-34.3049,-34.0469,-33.9128
11.2083,-41.2416,-31.5853,-31.5057
11.2500,-45.6283,-30.1045,-30.0591
11.2917,-35.8698,-29.3398,-29.3204
11.3333,-33.6314,-29.1765,-29.1805
11.3750,-34.1841,-29.5742,-29.6026
11.4167,-38.0729,-30.5526,-30.6103
11.4583,-71.0807,-32.2158,-32.3137
11.5000,-37.5613,-34.8461,-35.0092
11.5417,-33.2624,-39.2814,-39.5899
11.5833,-33.4545,-50.0580,-51.2355
11.6250,-37.6001,-46.4850,-45.7948
11.6667,-55.9676,-38.0935,-37.8456
11.7083,-39.8259,-34.1360,-34.0017
11.7500,-34.2555,-31.7367,-31.6590
11.7917,-33.0609,-30.2430,-30.2021
11.8333,-35.8528,-29.4275,-29.4148
11.8750,-50.5725,-29.2142,-29.2264
11.9167,-39.1705,-29.6099,-29.6476
11.9583,-34.1005,-30.7010,-30.7692
12.0000,-33.6097,-32.7059,-32.8188
12.0417,-36.4259,-36.1912,-36.3905
12.0833,-47.9228,-43.3186,-43.8202
12.1250,-40.4951,-53.1651,-51.7459
12.1667,-33.9273,-39.2587,-38.9677
12.2083,-32.9483,-34.5778,-34.4268
12.2500,-36.4709,-32.0202,-31.9303
12.2917,-56.8400,-30.5359,-30.4849
12.3333,-38.5604,-29.7717,-29.7512
12.3750,-34.0608,-29.5911,-29.5984
12.4167,-33.7728,-29.9671,-30.0031
12.4583,-37.3274,-30.9652,-31.0347
12.5000,-61.3233,-32.7854,-32.9008
12.5417,-37.5907,-35.9480,-36.1456
12.5833,-33.1439,-42.3072,-42.7580
12.6250,-33.6126,-57.2873,-55.1155
12.6667,-39.7624,-39.5601,-39.2673
12.7083,-47.3596,-34.3899,-34.2509
12.7500,-35.7935,-31.5952,-31.5186
12.7917,-33.4832,-30.0082,-29.9691
12.8333,-35.0193,-29.2664,-29.2559
12.8750,-43.0189,-29.2462,-29.2620
12.9167,-42.8491,-29.9489,-29.9934
12.9583,-34.3913,-31.5023,-31.5846
13.0000,-32.9543,-34.2795,-34.4251
13.0417,-36.3726,-39.4938,-39.8003
13.0833,-64.5098,-58.6502,-62.1382
13.1250,-37.1582,-41.7053,-41.3172
13.1667,-33.3971,-35.4753,-35.3041
13.2083,-34.3663,-32.3756,-32.2795
13.2500,-41.1985,-30.6418,-30.5893
13.2917,-45.4570,-29.7839,-29.7644
13.3333,-35.2518,-29.6301,-29.6404
13.3750,-33.2339,-30.1545,-30.1959
13.4167,-35.8349,-31.4565,-31.5363
13.4583,-52.7941,-33.8461,-33.9845
13.5000,-37.6071,-38.2650,-38.5327
13.5417,-33.0896,-50.3725,-51.5659
13.5833,-34.0322,-43.6933,-43.2094
13.6250,-42.2572,-36.0733,-35.8938
13.6667,-42.1029,-32.4965,-32.4037
13.7083,-34.3896,-30.5070,-30.4605
13.7500,-33.5903,-29.5153,-29.5020
13.7917,-37.8096,-29.3326,-29.3481
13.8333,-57.9506,-29.9459,-29.9919
13.8750,-36.4769,-31.5034,-31.5887
13.9167,-33.2742,-34.4680,-34.6206
13.9583,-35.1075,-40.5100,-40.8574
14.0000,-47.7160,-60.3555,-57.4684
14.0417,-38.4641,-38.9481,-38.6800
14.0833,-33.1964,-33.7349,-33.6100
14.1250,-33.9436,-31.0804,-31.0135
14.1667,-42.6041,-29.7232,-29.6930
14.2083,-40.8118,-29.2955,-29.2953
14.2500,-33.7932,-29.7034,-29.7335
14.2917,-33.7001,-31.0291,-31.0965
14.3333,-40.0012,-33.6165,-33.7429
14.3750,-44.9357,-38.6290,-38.8990
14.4167,-34.8333,-56.3109,-58.8074
14.4583,-33.5618,-41.1827,-40.8228
14.5000,-37.8997,-34.8485,-34.6957
14.5417,-52.2713,-31.8008,-31.7196
14.5833,-35.6261,-30.2194,-30.1806
14.6250,-33.2260,-29.6260,-29.6205
14.6667,-36.5079,-29.8874,-29.9143
14.7083,-64.5756,-31.0616,-31.1268
14.7500,-35.8556,-33.4575,-33.5807
14.7917,-32.9430,-38.1106,-38.3653
14.8333,-36.0007,-52.4117,-53.9244
14.8750,-73.8270,-42.0496,-41.6543
14.9167,-35.8261,-35.1674,-35.0119
14.9583,-32.9375,-31.9417,-31.8632
15.0000,-36.1570,-30.2774,-30.2432
15.0417,-65.1405,-29.6570,-29.6571
15.0833,-35.8296,-29.9461,-29.9795
15.1250,-33.1423,-31.2256,-31.2990
15.1667,-36.6057,-33.8820,-34.0188
15.2083,-58.9092,-39.3120,-39.6116
15.2500,-35.8037,-73.3466,-75.7299
15.2917,-33.3501,-39.5815,-39.2966
15.3333,-37.1418,-33.9110,-33.7895
15.3750,-53.7880,-31.1436,-31.0851
15.4167,-35.5253,-29.8070,-29.7881
15.4583,-33.4475,-29.5128,-29.5270
15.5000,-37.8820,-30.2029,-30.2517
15.5417,-48.6897,-32.0750,-32.1704
15.5833,-34.9192,-35.8620,-36.0480
15.6250,-33.5199,-45.2790,-45.8942
15.6667,-39.2243,-44.6023,-44.0839
15.7083,-44.0531,-35.5901,-35.4291
15.7500,-34.1416,-31.8677,-31.7917
15.7917,-33.7782,-30.0301,-29.9991
15.8333,-41.8908,-29.3917,-29.3948
15.8750,-40.2298,-29.7896,-29.8261
15.9167,-33.4398,-31.3423,-31.4208
15.9583,-34.4786,-34.6124,-34.7648
16.0000,-48.0620,-42.0800,-42.4928
16.0417,-37.2617,-48.3485,-47.5584
16.0833,-33.0363,-36.4181,-36.2361
16.1250,-35.9515,-32.1767,-32.0932
16.1667,-58.3170,-30.1194,-30.0838
16.2083,-35.0841,-29.3658,-29.3653
16.2500,-33.1253,-29.7040,-29.7371
16.2917,-38.8384,-31.2382,-31.3131
16.3333,-42.9801,-34.5417,-34.6902
16.3750,-33.6517,-42.2285,-42.6439
16.4167,-33.9487,-47.4157,-46.7102
16.4583,-45.3695,-36.0543,-35.8825
16.5000,-37.6597,-31.9391,-31.8605
16.5417,-32.9923,-29.9842,-29.9525
16.5833,-35.9582,-29.3514,-29.3546
16.6250,-54.6282,-29.8576,-29.8955
16.6667,-34.7303,-31.6641,-31.7476
16.7083,-33.2552,-35.5389,-35.7110
16.7500,-40.4202,-45.7718,-46.4080
16.7917,-40.3805,-42.9636,-42.5440
16.8333,-33.2469,-34.6758,-34.5383
16.8750,-34.8316,-31.2408,-31.1781
16.9167,-58.0609,-29.6882,-29.6680
16.9583,-35.6174,-29.4157,-29.4302
17.0000,-33.0806,-30.3481,-30.4001
17.0417,-38.8742,-32.8101,-32.9181
17.0833,-42.0713,-38.1965,-38.4441
17.1250,-33.4489,-83.8616,-70.5014
17.1667,-34.5656,-38.2725,-38.0410
17.2083,-53.7587,-32.8350,-32.7397
17.2500,-35.8479,-30.3646,-30.3246
17.2917,-33.1390,-29.4550,-29.4530
17.3333,-39.0857,-29.7962,-29.8300
17.3750,-41.6092,-31.5068,-31.5862
17.4167,-33.4393,-35.3443,-35.5107
17.4583,-35.0151,-45.6766,-46.3018
17.5000,-67.3969,-42.5937,-42.1966
17.5417,-35.3007,-34.4317,-34.3030
17.5833,-33.4596,-31.1048,-31.0491
17.6250,-41.3980,-29.7038,-29.6908
17.6667,-39.2340,-29.6596,-29.6829
17.7083,-33.3164,-30.9636,-31.0294
17.7500,-36.5306,-34.1500,-34.2874
17.7917,-48.4524,-41.8660,-42.2594
17.8333,-34.2511,-46.6593,-46.0212
17.8750,-34.3410,-35.5706,-35.4162
17.9167,-49.7316,-31.6452,-31.5794
17.9583,-36.2578,-29.9632,-29.9443
18.0000,-33.4046,-29.7442,-29.7633
18.0417,-40.3412,-30.9164,-30.9782
18.0833,-39.7936,-33.9674,-34.0993
18.1250,-33.2860,-41.3602,-41.7295
18.1667,-36.4975,-47.4831,-46.7799
18.2083,-47.1106,-35.7393,-35.5801
18.2500,-33.8774,-31.7388,-31.6715
18.2917,-34.4006,-30.0665,-30.0473
18.3333,-55.4917,-29.9146,-29.9346
18.3750,-35.2685,-31.2348,-31.3000
18.4167,-33.3282,-34.6292,-34.7732
18.4583,-42.5487,-43.4768,-43.9523
18.5000,-37.6877,-44.0725,-43.5971
18.5417,-33.0321,-34.7820,-34.6443
18.5833,-38.2285,-31.2818,-31.2233
18.6250,-41.5478,-29.9216,-29.9085
18.6667,-33.3275,-30.0839,-30.1106
18.7083,-36.0701,-31.8477,-31.9245
18.7500,-48.0111,-36.1688,-36.3477
18.7917,-33.9730,-50.8117,-51.9600
18.8333,-34.8755,-39.7015,-39.4224
18.8750,-73.0507,-33.1734,-33.0697
18.9167,-34.7419,-30.4725,-30.4305
18.9583,-34.0741,-29.6351,-29.6343
19.0000,-50.0916,-30.3204,-30.3602
19.0417,-35.6146,-32.8379,-32.9364
19.0833,-33.4565,-38.9967,-39.2572
19.1250,-43.8601,-52.6060,-51.3998
19.1667,-36.8027,-36.1404,-35.9716
19.2083,-33.1012,-31.6142,-31.5450
19.2500,-40.5186,-29.7668,-29.7462
19.2917,-38.4339,-29.5882,-29.6063
19.3333,-33.0908,-31.0172,-31.0799
19.3750,-38.7198,-34.7825,-34.9270
19.4167,-40.1976,-45.7201,-46.3211
19.4583,-33.2662,-41.1413,-40.8206
19.5000,-37.8249,-33.4959,-33.3921
19.5417,-41.5455,-30.5294,-30.4908
19.5833,-33.3354,-29.6177,-29.6213
19.6250,-37.1755,-30.3375,-30.3826
19.6667,-42.5733,-33.0224,-33.1294
19.7083,-33.2685,-39.7956,-40.0890
19.7500,-36.4983,-48.7385,-47.9550
19.7917,-43.8745,-35.4915,-35.3445
19.8333,-33.3127,-31.4472,-31.3904
19.8750,-36.0879,-29.9826,-29.9739
19.9167,-45.1141,-30.2819,-30.3155
19.9583,-33.5013,-32.4964,-32.5869
20.0000,-36.1571,-38.2083,-38.4437
20.0417,-45.0560,-56.2602,-54.4801
20.0833,-33.5315,-36.3988,-36.2253
20.1250,-36.3923,-31.7354,-31.6674
20.1667,-44.0160,-29.9745,-29.9572
20.2083,-33.3304,-30.0542,-30.0785
20.2500,-36.4997,-32.0326,-32.1098
20.2917,-43.1893,-37.2685,-37.4687
20.3333,-33.2286,-67.8641,-62.5473
20.3750,-36.8474,-36.7429,-36.5636
20.4167,-42.2217,-31.7092,-31.6408
20.4583,-33.2893,-29.7852,-29.7673
20.5000,-37.8125,-29.7441,-29.7668
20.5417,-40.4798,-31.5795,-31.6524
20.5833,-33.2106,-36.4790,-36.6612
20.6250,-39.0857,-62.9915,-68.6567
20.6667,-38.7338,-37.2930,-37.1048
20.7083,-33.0762,-31.9688,-31.9010
20.7500,-40.5709,-30.0051,-29.9900
20.7917,-37.4841,-30.0260,-30.0534
20.8333,-33.2646,-32.0475,-32.1292
20.8750,-43.4498,-37.5230,-37.7355
20.9167,-36.2238,-59.1089,-56.7648
20.9583,-33.6748,-36.3383,-36.1721
21.0000,-49.7871,-31.6550,-31.5938
21.0417,-34.9043,-30.0423,-30.0321
21.0833,-34.1299,-30.4366,-30.4708
21.1250,-73.4765,-33.0760,-33.1735
21.1667,-34.0403,-40.4859,-40.7891
21.2083,-35.0944,-45.2659,-44.7528
21.2500,-47.7233,-34.2624,-34.1426
21.2917,-33.5262,-30.6738,-30.6300
21.3333,-36.9170,-29.6302,-29.6313
21.3750,-41.1477,-30.5412,-30.5869
21.4167,-33.1251,-33.9500,-34.0688
21.4583,-39.5819,-44.2622,-44.7421
21.5000,-37.7238,-40.8145,-40.5212
21.5417,-33.2491,-33.0406,-32.9526
21.5833,-44.7916,-30.3129,-30.2874
21.6250,-35.5443,-29.9151,-29.9336
21.6667,-34.0769,-31.6217,-31.6920
21.7083,-75.1255,-36.6691,-36.8536
21.7500,-33.9351,-75.6890,-65.9913
21.7917,-35.5018,-36.5238,-36.3561
21.8333,-44.3494,-31.6246,-31.5656
21.8750,-33.2222,-30.0417,-30.0342
21.9167,-38.4148,-30.6324,-30.6709
21.9583,-38.5036,-33.7890,-33.8986
22.0000,-33.3143,-43.5913,-44.0269
22.0417,-45.1639,-40.9946,-40.6931
22.0833,-35.2321,-32.9359,-32.8467
22.1250,-34.1376,-30.1450,-30.1181
22.1667,-56.8132,-29.7552,-29.7721
22.2083,-33.6785,-31.5483,-31.6168
22.2500,-36.5186,-36.8996,-37.0860
22.2917,-40.9665,-58.9286,-56.7262
22.3333,-33.1737,-35.8367,-35.6919
22.3750,-41.7998,-31.3160,-31.2680
22.4167,-36.0544,-30.0196,-30.0215
22.4583,-33.7831,-30.9968,-31.0471
22.5000,-77.6589,-34.9469,-35.0840
22.5417,-33.8837,-50.0885,-51.0572
22.5833,-36.2574,-38.0674,-37.8608
22.6250,-41.1965,-31.9960,-31.9279
22.6667,-33.1221,-29.9956,-29.9826
22.7083,-42.0423,-30.3545,-30.3869
22.7500,-35.8340,-33.3316,-33.4307
22.7917,-34.0337,-42.6734,-43.0530
22.8333,-56.5133,-41.1834,-40.8856
22.8750,-33.5813,-32.8918,-32.8091
22.9167,-37.2670,-30.1838,-30.1632
22.9583,-39.0786,-30.0366,-30.0612
23.0000,-33.2148,-32.3613,-32.4447
23.0417,-46.6417,-39.4622,-39.7222
23.0833,-34.6972,-45.2743,-44.7823
23.1250,-35.0962,-33.9676,-33.8640
23.1667,-44.2199,-30.6595,-30.6294
23.2083,-33.1440,-30.2140,-30.2315
23.2500,-40.6532,-32.3219,-32.3973
23.2917,-36.1728,-39.1289,-39.3683
23.3333,-34.0143,-45.7069,-45.1979
23.3750,-54.1634,-33.8704,-33.7671
23.4167,-33.4371,-30.4105,-30.3797
23.4583,-38.1061,-29.8267,-29.8419
23.5000,-37.7465,-31.7178,-31.7869
23.5417,-33.5007,-37.8032,-38.0079
23.5833,-59.1774,-49.1905,-48.4390
23.6250,-33.8204,-34.5623,-34.4504
23.6667,-36.8402,-30.8479,-30.8158
23.7083,-39.1054,-30.2654,-30.2821
23.7500,-33.2912,-32.3638,-32.4391
23.7917,-50.7223,-39.4139,-39.6614
23.8333,-34.0999,-44.6610,-44.2114
23.8750,-36.2759,-33.5596,-33.4629
23.9167,-39.8839,-30.3077,-30.2807
23.9583,-33.2346,-29.9627,-29.9822
24.0000,-49.1339,-32.2841,-32.3621
24.0417,-34.1647,-39.8111,-40.0710
24.0833,-36.2184,-43.6336,-43.2465
24.1250,-39.8079,-33.4077,-33.3213
24.1667,-33.2661,-30.4814,-30.4622
24.2083,-50.8142,-30.5186,-30.5480
24.2500,-33.9951,-33.5659,-33.6656
24.2917,-36.6601,-44.4865,-44.9504
24.3333,-38.8955,-39.2208,-38.9915
24.3750,-33.4042,-32.0923,-32.0258
24.4167,-59.4157,-29.9733,-29.9639
24.4583,-33.6607,-30.6037,-30.6423
24.5000,-37.7681,-34.5194,-34.6388
24.5417,-37.4404,-51.3559,-52.3992
24.5833,-33.7558,-37.0441,-36.8821
24.6250,-54.2514,-31.5255,-31.4785
24.6667,-33.3091,-30.1733,-30.1791
24.7083,-40.0267,-31.6700,-31.7300
24.7500,-35.8281,-37.5646,-37.7541
24.7917,-34.5365,-48.5412,-47.8558
24.8333,-44.3418,-34.0940,-33.9903
24.8750,-33.1473,-30.4844,-30.4563
24.9167,-45.0307,-30.1357,-30.1560
24.9583,-34.3899,-32.7670,-32.8499
25.0000,-36.1565,-41.9992,-42.3290
25.0417,-39.1512,-40.5095,-40.2541
25.0833,-33.4584,-32.4762,-32.4109
25.1250,-73.2943,-30.2728,-30.2669
25.1667,-33.4085,-31.1004,-31.1459
25.2083,-39.5906,-35.7851,-35.9291
25.2500,-35.8289,-64.3879,-60.8231
25.2917,-34.6805,-35.1790,-35.0550
25.3333,-42.8956,-30.7812,-30.7461
25.3750,-33.1815,-30.0628,-30.0773
25.4167,-49.5135,-32.3716,-32.4456
25.4583,-33.8282,-40.7115,-40.9886
25.5000,-37.7576,-41.4716,-41.1871
25.5417,-36.8904,-32.6769,-32.6093
25.5833,-34.1736,-30.3476,-30.3411
25.6250,-45.4116,-31.2039,-31.2495
25.6667,-33.1411,-36.1622,-36.3116
25.7083,-46.7946,-55.4780,-54.0503
25.7500,-33.9942,-34.6218,-34.5111
25.7917,-37.4887,-30.5819,-30.5530
25.8333,-36.9651,-30.1632,-30.1834
25.8750,-34.1765,-32.9815,-33.0664
25.9167,-44.8089,-43.6211,-44.0133
25.9583,-33.1769,-38.9805,-38.7772
26.0000,-49.3845,-32.0021,-31.9497
26.0417,-33.7173,-30.3612,-30.3652
26.0833,-38.4420,-32.0032,-32.0641
26.1250,-36.1047,-39.0514,-39.2705
26.1667,-34.8039,-43.3004,-42.9442
26.2083,-41.4048,-32.8558,-32.7807
26.2500,-33.2911,-30.1263,-30.1146
26.2917,-89.2383,-30.7107,-30.7489
26.3333,-33.3300,-35.2227,-35.3511
26.3750,-41.7524,-73.3651,-65.8988
26.4167,-34.6295,-35.1671,-35.0538
26.4583,-36.3802,-30.9464,-30.9198
26.5000,-37.7786,-30.7159,-30.7413
26.5417,-34.0471,-34.2333,-34.3352
26.5833,-44.7453,-51.5767,-52.5805
26.6250,-33.1860,-36.2847,-36.1461
26.6667,-54.4711,-31.0161,-30.9799
26.7083,-33.4273,-30.1271,-30.1422
26.7500,-40.6537,-32.6528,-32.7303
26.7917,-34.8548,-42.7332,-43.0809
26.8333,-36.3591,-39.0680,-38.8644
26.8750,-37.5842,-31.9119,-31.8615
26.9167,-34.1244,-30.3800,-30.3859
26.9583,-43.4481,-32.3902,-32.4554
27.0000,-33.2939,-41.0460,-41.3169
27.0417,-78.6579,-40.3029,-40.0691
27.0833,-33.2159,-32.1300,-32.0754
27.1250,-43.5293,-30.2282,-30.2309
27.1667,-34.0926,-31.8596,-31.9189
27.2083,-38.1112,-39.3260,-39.5495
27.2500,-35.8331,-41.9985,-41.7029
27.2917,-35.3628,-32.4822,-32.4187
27.3333,-38.8607,-30.2490,-30.2461
27.3750,-33.8322,-31.6298,-31.6816
27.4167,-44.9133,-38.4915,-38.6844
27.4583,-33.2721,-43.3394,-43.0058
27.5000,-77.6656,-32.8481,-32.7837
27.5417,-33.1685,-30.4880,-30.4861
27.5833,-44.8498,-31.9153,-31.9702
27.6250,-33.8404,-39.2794,-39.4944
27.6667,-39.4901,-41.8607,-41.5754
27.7083,-34.9659,-32.3416,-32.2808
27.7500,-36.5176,-30.1373,-30.1361
27.7917,-36.8530,-31.6159,-31.6696
27.8333,-34.7318,-38.8657,-39.0696
27.8750,-39.9458,-42.3154,-42.0218
27.9167,-33.8202,-32.6055,-32.5466
27.9583,-44.6182,-30.5530,-30.5551
28.0000,-33.1942,-32.4353,-32.4971
28.0417,-59.6110,-41.5645,-41.8427
28.0833,-33.1944,-39.3638,-39.1638
28.1250,-49.9500,-31.7758,-31.7299
28.1667,-33.4104,-30.2816,-30.2912
28.2083,-42.7744,-32.6715,-32.7433
28.2500,-33.9354,-43.6336,-44.0018
28.2917,-39.0655,-37.9267,-37.7602
28.3333,-34.9629,-31.4453,-31.4065
28.3750,-37.1057,-30.4810,-30.4963
28.4167,-36.0328,-33.6238,-33.7084
28.4583,-35.4737,-49.7394,-50.4798
28.5000,-37.8022,-36.1694,-36.0478
28.5417,-34.5325,-31.1381,-31.1132
28.5833,-39.9990,-30.9963,-31.0252
28.6250,-33.9291,-35.5735,-35.6936
28.6667,-42.6779,-53.3822,-52.3574
28.7083,-33.3703,-33.8414,-33.7582
28.7500,-47.7233,-30.3912,-30.3794
28.7917,-33.2798,-31.1661,-31.2072
28.8333,-55.8482,-37.3127,-37.4716
28.8750,-33.1480,-44.5529,-44.1811
28.9167,-60.2556,-32.8906,-32.8292
28.9583,-33.1316,-30.6168,-30.6183
29.0000,-48.7643,-32.6355,-32.6978
29.0417,-33.4235,-43.1300,-43.4531
29.0833,-45.3262,-38.0202,-37.8623
29.1250,-33.5028,-31.4620,-31.4281
29.1667,-42.4193,-30.6733,-30.6936
29.2083,-33.8060,-34.4385,-34.5367
29.2500,-40.5721,-71.6525,-106.9551
29.2917,-34.2375,-34.5631,-34.4694
29.3333,-39.6258,-30.5809,-30.5658
29.3750,-34.3847,-31.1960,-31.2341
29.4167,-38.3826,-37.3786,-37.5330
29.4583,-34.8385,-44.0573,-43.7193
29.5000,-37.7130,-32.7840,-32.7285
29.5417,-35.2359,-30.7509,-30.7569
29.5833,-37.3648,-33.2866,-33.3579
29.6250,-35.3284,-47.5077,-48.0460
29.6667,-36.6890,-36.2375,-36.1183
29.7083,-35.7718,-30.9757,-30.9528
29.7500,-36.5011,-30.9445,-30.9750
29.7917,-36.0026,-36.1504,-36.2792
29.8333,-36.4425,-47.2879,-46.7897
29.8750,-35.9282,-33.0615,-32.9973
29.9167,-36.0672,-30.4852,-30.4850
29.9583,-36.2228,-32.4669,-32.5262
30.0000,-36.1576,-43.3719,-43.6946
30.0417,-36.2234,-37.6020,-37.4607
30.0833,-36.3297,-31.4773,-31.4505
30.1250,-35.9205,-31.2775,-31.3062
30.1667,-36.1768,-36.6605,-36.7913
30.2083,-35.9969,-45.6560,-45.2584
30.2500,-36.4995,-32.7858,-32.7285
30.2917,-35.8062,-30.4580,-30.4620
30.3333,-36.9704,-32.8008,-32.8670
30.3750,-35.3066,-46.0727,-46.5243
30.4167,-37.0797,-36.3252,-36.2065
30.4583,-35.1889,-31.0281,-31.0069
30.5000,-37.7014,-31.2668,-31.2998
30.5417,-34.9330,-37.4710,-37.6173
30.5833,-38.7070,-43.1954,-42.9085
30.6250,-34.3554,-32.5478,-32.5013
30.6667,-39.3161,-30.9486,-30.9614
30.7083,-34.1302,-34.5159,-34.6039
30.7500,-40.5199,-68.1078,-63.9273
30.7917,-33.9623,-34.1015,-34.0247
30.8333,-42.8203,-30.5985,-30.5929
30.8750,-33.4788,-32.1108,-32.1625
30.9167,-45.0311,-42.1331,-42.4054
30.9583,-33.2595,-37.7277,-37.5846
31.0000,-48.5044,-31.3011,-31.2746
31.0417,-33.3197,-31.1412,-31.1692
31.0833,-61.3185,-36.9020,-37.0332
31.1250,-33.1489,-44.1176,-43.8048
31.1667,-55.1692,-32.6634,-32.6169
31.2083,-33.0917,-31.0404,-31.0536
31.2500,-48.0148,-34.8723,-34.9632
31.2917,-33.5221,-55.7911,-54.6161
31.3333,-42.9509,-33.6545,-33.5881
31.3750,-33.9794,-30.6443,-30.6444
31.4167,-39.6317,-32.8305,-32.8921
31.4583,-34.3986,-47.0428,-47.5233
31.5000,-37.8389,-35.7729,-35.6702
31.5417,-35.4668,-30.9025,-30.8878
31.5833,-36.2975,-31.7511,-31.7919
31.6250,-37.2231,-40.2263,-40.4288
31.6667,-34.7638,-38.9877,-38.8288
31.7083,-39.1828,-31.7424,-31.7158
31.7500,-33.8784,-31.5974,-31.6272
31.7917,-42.2695,-38.2107,-38.3603
31.8333,-33.5421,-41.2785,-41.0650
31.8750,-50.1267,-32.0127,-31.9775
31.9167,-33.2195,-31.0468,-31.0678
31.9583,-56.2924,-36.0665,-36.1786
32.0000,-33.1055,-45.5697,-45.2024
32.0417,-45.1592,-32.5506,-32.5027
32.0833,-33.7225,-30.6896,-30.7006
32.1250,-40.1248,-34.3916,-34.4753
32.1667,-34.9680,-58.0285,-56.5833
32.2083,-36.7296,-33.7486,-33.6870
32.2500,-36.5292,-31.0307,-31.0351
32.2917,-34.8326,-34.1044,-34.1774
32.3333,-39.1037,-75.8242,-84.5297
32.3750,-33.9245,-34.1946,-34.1278
32.4167,-45.0274,-31.0265,-31.0284
32.4583,-33.3397,-33.7220,-33.7900
32.5000,-67.3939,-58.8870,-60.7996
32.5417,-33.1018,-34.2832,-34.2109
32.5833,-44.7438,-30.7235,-30.7217
32.6250,-33.7374,-32.9333,-32.9923
32.6667,-39.2519,-49.4750,-50.0760
32.7083,-35.4965,-35.1101,-35.0270
32.7500,-35.8463,-30.9924,-30.9869
32.7917,-38.3431,-32.9567,-33.0114
32.8333,-33.8798,-48.3499,-48.8544
32.8750,-43.2768,-35.4706,-35.3872
32.9167,-33.2098,-31.2690,-31.2647
32.9583,-68.5918,-33.4002,-33.4584
33.0000,-33.4316,-52.1742,-52.9640
33.0417,-43.0784,-34.7818,-34.7070
33.0833,-34.2536,-30.9471,-30.9450
33.1250,-37.3532,-33.2575,-33.3176
33.1667,-36.0851,-53.3789,-54.3130
33.2083,-34.8566,-34.4947,-34.4221
33.2500,-40.4226,-30.8288,-30.8274
33.2917,-33.6445,-33.2975,-33.3581
33.3333,-55.8925,-54.8481,-55.9413
33.3750,-33.2135,-34.5454,-34.4771
33.4167,-44.1294,-31.1961,-31.1982
33.4583,-33.8414,-34.2835,-34.3534
33.5000,-37.8677,-61.2179,-59.3726
33.5417,-36.2462,-33.7716,-33.7174
33.5833,-34.8886,-31.2751,-31.2846
33.6250,-42.0801,-35.4102,-35.4976
33.6667,-33.3350,-47.4233,-47.0150
33.7083,-66.6010,-32.6898,-32.6477
33.7500,-33.1248,-31.0517,-31.0672
33.7917,-41.6076,-36.1562,-36.2587
33.8333,-34.6244,-43.7468,-43.4811
33.8750,-36.3678,-32.2391,-32.2050
33.9167,-38.7115,-31.3578,-31.3797
33.9583,-33.8089,-37.8872,-38.0153
34.0000,-50.6458,-40.6264,-40.4551
34.0417,-32.9882,-32.0306,-32.0077
34.0833,-44.7436,-32.2675,-32.3012
34.1250,-33.9971,-42.2203,-42.4385
34.1667,-37.3077,-37.0598,-36.9589
34.2083,-37.5643,-31.4524,-31.4433
34.2500,-34.1402,-33.1518,-33.2023
34.2917,-47.9622,-51.4562,-52.1360
34.3333,-33.0436,-34.5417,-34.4751
34.3750,-45.0181,-30.9699,-30.9720
34.4167,-33.9214,-34.1510,-34.2195
34.4583,-37.1062,-55.3870,-54.4181
34.5000,-37.6461,-33.2557,-33.2091
34.5417,-34.0714,-31.2518,-31.2650
34.5833,-50.6979,-36.4836,-36.5827
34.6250,-33.2199,-42.9932,-42.7712
34.6667,-42.2591,-32.3857,-32.3590
34.7083,-34.4579,-32.2373,-32.2673
34.7500,-35.8058,-41.8696,-42.0696
34.7917,-39.1608,-37.0963,-36.9994
34.8333,-33.6192,-31.5080,-31.5009
34.8750,-73.6486,-33.5530,-33.6066
34.9167,-33.6765,-61.4818,-63.7399
34.9583,-38.7423,-33.8687,-33.8151
35.0000,-36.1551,-31.1032,-31.1118
35.0417,-34.1504,-35.5800,-35.6652
35.0833,-44.2338,-44.7142,-44.4402
35.1250,-33.1437,-32.3490,-32.3191
35.1667,-45.1711,-31.7813,-31.8065
35.2083,-34.7870,-40.2791,-40.4407
35.2500,-35.8536,-37.8627,-37.7570
35.2917,-40.5479,-31.7426,-31.7342
35.3333,-33.1050,-33.8167,-33.8690
35.3750,-53.7553,-72.2052,-83.8309
35.4167,-33.4996,-33.9182,-33.8710
35.4583,-37.7514,-31.6613,-31.6751
35.5000,-37.6293,-37.5754,-37.6835
35.5417,-33.9342,-40.4494,-40.2959
35.5833,-63.5290,-31.7666,-31.7485
35.6250,-33.5387,-32.4305,-32.4673
35.6667,-38.4089,-46.0349,-46.3615
35.7083,-36.4844,-35.1524,-35.0853
35.7500,-33.7949,-31.2499,-31.2526
35.7917,-49.0904,-35.0629,-35.1344
35.8333,-33.3294,-46.8116,-46.4863
35.8750,-40.3364,-32.7588,-32.7298
35.9167,-36.5391,-32.3176,-32.3445
35.9583,-34.1753,-42.6201,-42.8207
36.0000,-51.1328,-36.5660,-36.4871
36.0417,-33.0676,-31.7558,-31.7558
36.0833,-39.6847,-35.2807,-35.3492
36.1250,-35.8487,-46.6111,-46.3030
36.1667,-34.1947,-32.6072,-32.5795
36.2083,-49.4758,-32.1096,-32.1364
36.2500,-33.5908,-42.4577,-42.6577
36.2917,-39.1484,-36.1494,-36.0723
36.3333,-37.2269,-31.3113,-31.3106
36.3750,-33.5825,-34.6433,-34.7069
36.4167,-62.4705,-48.2565,-47.8837
36.4583,-33.2122,-32.7669,-32.7382
36.5000,-37.9232,-32.2677,-32.2938
36.5417,-37.6982,-43.0095,-43.2124
36.5833,-33.7104,-36.2725,-36.2019
36.6250,-54.8329,-31.8854,-31.8887
36.6667,-34.3367,-36.2895,-36.3667
36.7083,-35.9328,-43.0353,-42.8478
36.7500,-41.1946,-32.3911,-32.3730
36.7917,-32.8879,-33.1485,-33.1859
36.8333,-44.3088,-52.4923,-53.1206
36.8750,-34.6869,-34.1826,-34.1355
36.9167,-34.8719,-31.5777,-31.5901
36.9583,-45.9859,-38.0315,-38.1375
37.0000,-33.5658,-39.0418,-38.9283
37.0417,-39.1477,-31.6837,-31.6749
37.0833,-37.7178,-33.8312,-33.8795
37.1250,-33.3621,-57.7168,-56.7052
37.1667,-53.8213,-33.3659,-33.3338
37.2083,-33.7096,-32.4142,-32.4374
37.2500,-35.7969,-43.2038,-43.3967
37.2917,-41.2273,-36.1580,-36.0945
37.3333,-33.3069,-32.0631,-32.0691
37.3750,-41.9175,-37.4497,-37.5370
37.4167,-36.6168,-40.4250,-40.2992
37.4583,-33.9231,-32.1119,-32.1025
37.5000,-61.3218,-34.1937,-34.2421
37.5417,-33.7414,-53.0653,-52.4799
37.5833,-35.7108,-32.9586,-32.9304
37.6250,-41.0776,-32.2555,-32.2803
37.6667,-32.9685,-44.1888,-44.4091
37.7083,-41.7933,-35.3419,-35.2854
37.7500,-36.4754,-31.6815,-31.6891
37.7917,-34.0328,-37.5180,-37.6073
37.8333,-54.5261,-39.7625,-39.6507
37.8750,-34.5269,-32.1514,-32.1450
37.9167,-34.9717,-35.0074,-35.0611
37.9583,-45.6421,-47.2520,-46.9753
38.0000,-32.9116,-32.9866,-32.9676
38.0417,-38.3441,-33.6690,-33.7044
38.0833,-37.8349,-63.4805,-65.5697
38.1250,-33.3525,-33.8715,-33.8390
38.1667,-45.6080,-32.5474,-32.5691
38.2083,-35.8499,-44.2611,-44.4666
38.2500,-34.2526,-35.3508,-35.2986
38.2917,-61.3862,-31.7999,-31.8092
38.3333,-34.1417,-38.4024,-38.5001
38.3750,-34.9778,-38.3074,-38.2191
38.4167,-45.0298,-31.8121,-31.8100
38.4583,-32.9172,-35.5425,-35.6027
38.5000,-37.9733,-43.4861,-43.3150
38.5417,-38.8940,-32.5080,-32.4957
38.5833,-33.3897,-34.3196,-34.3618
38.6250,-42.0359,-52.2986,-51.8338
38.6667,-37.2996,-33.3487,-33.3278
38.7083,-33.6511,-33.7221,-33.7542
38.7500,-45.6230,-64.9009,-67.2017
38.7917,-35.2937,-33.9237,-33.8954
38.8333,-33.6384,-33.0491,-33.0734
38.8750,-72.8689,-48.8921,-49.2211
38.9167,-33.7225,-34.5048,-34.4671
38.9583,-35.0903,-32.3194,-32.3360
39.0000,-47.0564,-42.7216,-42.8810
39.0417,-33.7680,-35.6492,-35.5980
39.0833,-36.6450,-31.9481,-31.9575
39.1250,-44.4667,-39.2895,-39.3907
39.1667,-33.6123,-37.4852,-37.4156
39.2083,-36.9623,-32.0982,-32.1016
39.2500,-41.3917,-37.7067,-37.7834
39.2917,-32.8154,-39.4095,-39.3213
39.3333,-38.4818,-32.4869,-32.4865
39.3750,-38.2059,-37.2040,-37.2705
39.4167,-32.9803,-40.5465,-40.4469
39.4583,-41.4586,-32.6602,-32.6579
39.5000,-37.5392,-36.8999,-36.9619
39.5417,-33.6657,-40.9712,-40.8654
39.5833,-42.2215,-32.4919,-32.4883
39.6250,-37.7174,-36.2547,-36.3117
39.6667,-33.3676,-41.6370,-41.5185
39.7083,-41.9663,-32.2898,-32.2841
39.7500,-36.5580,-35.4676,-35.5184
39.7917,-32.9267,-43.0799,-42.9364
39.8333,-44.2984,-32.3649,-32.3570
39.8750,-35.6013,-35.0466,-35.0923
39.9167,-33.4384,-44.7315,-44.5608
39.9583,-46.8881,-32.7089,-32.6997
40.0000,-36.1636,-35.2334,-35.2774
40.0417,-33.9536,-45.0694,-44.9003
40.0833,-44.7437,-33.0205,-33.0122
40.1250,-36.9614,-35.8727,-35.9194
40.1667,-33.4207,-43.5877,-43.4527
40.2083,-42.4853,-33.0039,-32.9983
40.2500,-36.5609,-36.5574,-36.6099
40.2917,-32.8476,-41.5978,-41.4934
40.3333,-42.6999,-32.6834,-32.6809
40.3750,-36.2601,-36.9850,-37.0437
40.4167,-33.1442,-40.1150,-40.0281
40.4583,-42.8486,-32.3556,-32.3554
40.5000,-37.5075,-37.2959,-37.3590
40.5417,-33.6679,-39.2197,-39.1433
40.5833,-40.3992,-32.2863,-32.2879
40.6250,-39.8698,-37.9834,-38.0523
40.6667,-33.4235,-38.4970,-38.4314
40.7083,-37.6598,-32.5411,-32.5455
40.7500,-41.5569,-39.6117,-39.6939
40.7917,-32.8482,-37.5025,-37.4510
40.8333,-36.3767,-33.0064,-33.0155
40.8750,-42.6285,-42.8607,-42.9797
40.9167,-32.9864,-36.1539,-36.1178
40.9583,-36.0262,-33.5125,-33.5283
41.0000,-46.4516,-49.5704,-49.8317
41.0417,-34.0686,-34.7339,-34.7103
41.0833,-35.3315,-33.9976,-34.0212
41.1250,-73.7172,-64.6687,-63.3044
41.1667,-35.4739,-33.5766,-33.5619
41.2083,-33.9835,-34.6063,-34.6382
41.2500,-44.9868,-47.4446,-47.2470
41.2917,-36.5728,-32.8734,-32.8655
41.3333,-32.8531,-35.6705,-35.7120
41.3750,-40.2938,-42.2335,-42.1317
41.4167,-37.8682,-32.6779,-32.6763
41.4583,-32.6451,-37.6999,-37.7568
41.5000,-38.0915,-38.9558,-38.8956
41.5417,-41.1013,-32.9766,-32.9822
41.5833,-33.4609,-41.7265,-41.8203
41.6250,-36.2642,-36.5043,-36.4695
41.6667,-52.3126,-33.7626,-33.7776
41.7083,-35.0378,-52.9100,-53.2543
41.7500,-34.4255,-34.6551,-34.6377
41.7917,-45.9615,-35.1170,-35.1450
41.8333,-37.1319,-47.5893,-47.4174
41.8750,-33.0507,-33.4212,-33.4162
41.9167,-38.6629,-37.3371,-37.3845
41.9583,-40.1536,-39.6617,-39.6000
42.0000,-32.6582,-32.8893,-32.8942
42.0417,-35.7152,-41.3246,-41.4114
42.0833,-46.7967,-36.0702,-36.0378
42.1250,-33.6172,-33.2040,-33.2183
42.1667,-34.3616,-51.7893,-52.0911
42.2083,-52.4365,-34.1813,-34.1648
42.2500,-36.4508,-34.6462,-34.6724
42.2917,-33.8599,-47.6306,-47.4639
42.3333,-39.6115,-33.4182,-33.4142
42.3750,-43.0800,-37.9383,-37.9861
42.4167,-34.0895,-39.2185,-39.1688
42.4583,-34.9174,-33.6858,-33.6939
42.5000,-55.1340,-46.2639,-46.3998
42.5417,-35.3817,-35.4962,-35.4770
42.5833,-32.8289,-35.2079,-35.2314
42.6250,-40.0958,-48.0855,-47.9292
42.6667,-38.7521,-33.7444,-33.7418
42.7083,-32.5766,-38.8307,-38.8819
42.7500,-35.7696,-38.1518,-38.1120
42.7917,-49.2937,-33.5003,-33.5106
42.8333,-34.2607,-49.1521,-49.3445
42.8750,-34.0201,-34.4881,-34.4731
42.9167,-44.1558,-34.9318,-34.9569
42.9583,-39.2085,-45.4158,-45.3008
43.0000,-34.0149,-33.1805,-33.1796
43.0417,-36.3216,-39.1414,-39.1952
43.0833,-80.2942,-37.4370,-37.4034
43.1250,-36.0111,-33.7574,-33.7694
43.1667,-33.4205,-56.1325,-56.5303
43.2083,-38.8960,-34.5170,-34.5072
43.2500,-41.9880,-36.8104,-36.8418
43.2917,-33.0374,-41.4066,-41.3501
43.3333,-33.9735,-34.0830,-34.0889
43.3750,-52.9262,-46.6395,-46.7570
43.4167,-35.2459,-35.6171,-35.6027
43.4583,-32.5686,-36.2060,-36.2308
43.5000,-38.2357,-43.5906,-43.5175
43.5417,-42.8382,-33.9366,-33.9401
43.5833,-33.8060,-43.7113,-43.7938
43.6250,-34.4672,-35.7734,-35.7562
43.6667,-45.6891,-35.1086,-35.1289
43.7083,-39.2193,-46.2740,-46.1679
43.7500,-34.1745,-33.5049,-33.5054
43.7917,-35.9406,-40.7206,-40.7780
43.8333,-52.3447,-36.4251,-36.4029
43.8750,-37.6026,-34.3847,-34.4004
43.9167,-33.5127,-51.9567,-51.7534
43.9583,-36.2342,-33.8344,-33.8324
44.0000,-57.8107,-39.7460,-39.7922
44.0417,-34.7698,-37.4601,-37.4358
44.0833,-32.6456,-34.8881,-34.9023
44.1250,-38.3640,-52.5578,-52.3649
44.1667,-41.9378,-34.5165,-34.5155
44.2083,-32.9011,-41.6035,-41.6552
44.2500,-33.3509,-37.1977,-37.1794
44.2917,-44.7553,-36.0296,-36.0473
44.3333,-37.6446,-45.7322,-45.6557
44.3750,-32.9746,-34.5497,-34.5530
44.4167,-35.3842,-46.0496,-46.1365
44.4583,-56.0764,-35.7017,-35.6913
44.5000,-37.2979,-36.9607,-36.9850
44.5417,-33.9928,-40.9735,-40.9334
44.5833,-36.6309,-34.1780,-34.1856
44.6250,-56.1123,-54.8007,-55.0471
44.6667,-38.1808,-34.4975,-34.4925
44.7083,-34.1545,-38.1901,-38.2216
44.7500,-35.8959,-38.3575,-38.3324
44.7917,-50.7571,-34.5118,-34.5232
44.8333,-37.7621,-54.6959,-54.4778
44.8750,-33.1322,-34.2572,-34.2570
44.9167,-34.8657,-41.7928,-41.8401
44.9583,-52.4215,-36.6701,-36.6568
45.0000,-36.1023,-36.5035,-36.5215
45.0417,-32.2100,-42.9877,-42.9441
45.0833,-34.8577,-35.0616,-35.0680
45.1250,-75.5422,-60.3216,-60.6858
45.1667,-34.9790,-35.4971,-35.4950
45.2083,-32.1868,-41.8813,-41.9206
45.2500,-35.7648,-37.5129,-37.5006
45.2917,-57.5772,-37.3362,-37.3542
45.3333,-35.2836,-42.0935,-42.0604
45.3750,-33.0167,-35.3275,-35.3356
45.4167,-36.5958,-60.9592,-60.6120
45.4583,-80.6498,-34.9021,-34.9025
45.5000,-37.2101,-43.4667,-43.5149
45.5417,-34.1863,-36.1412,-36.1330
45.5833,-36.2965,-37.3948,-37.4148
45.6250,-48.0881,-39.9061,-39.8824
45.6667,-40.9205,-34.9587,-34.9680
45.7083,-35.0879,-51.3914,-51.2796
45.7500,-34.9296,-34.5007,-34.5028
45.7917,-40.4679,-46.2686,-46.3320
45.8333,-47.4442,-35.6424,-35.6376
45.8750,-35.5121,-39.2404,-39.2643
45.9167,-33.3779,-38.4313,-38.4176
45.9583,-36.4879,-36.6949,-36.7076
46.0000,-80.9728,-43.5655,-43.5335
46.0417,-35.8377,-35.8633,-35.8700
46.0833,-32.2947,-56.1753,-56.0294
46.1250,-34.2297,-35.9273,-35.9297
46.1667,-48.6858,-50.9698,-51.0496
46.2083,-36.7317,-36.5027,-36.5015
46.2500,-31.9631,-43.6112,-43.6433
46.2917,-33.0224,-37.4794,-37.4744
46.3333,-42.5281,-40.0076,-40.0270
46.3750,-39.0446,-39.0309,-39.0210
46.4167,-32.5582,-37.6847,-37.6975
46.4583,-32.6100,-41.6905,-41.6723
46.5000,-38.8614,-36.1658,-36.1742
46.5417,-44.8748,-46.9392,-46.8985
46.5833,-34.4086,-35.3483,-35.3534
46.6250,-33.0029,-72.0268,-71.2523
46.6667,-36.4788,-35.2116,-35.2136
46.7083,-57.5735,-47.9512,-48.0027
46.7500,-38.5248,-35.7378,-35.7370
46.7917,-34.5102,-42.2654,-42.2904
46.8333,-35.2457,-36.8876,-36.8839
46.8750,-41.1232,-39.6193,-39.6354
46.9167,-51.5428,-38.5812,-38.5743
46.9583,-38.1233,-38.3390,-38.3505
47.0000,-35.3814,-40.6683,-40.6583
47.0417,-36.4501,-37.8345,-37.8433
47.0833,-42.6760,-42.8935,-42.8803
47.1250,-49.5556,-37.7564,-37.7635
47.1667,-37.6401,-44.8999,-44.8841
47.2083,-34.7828,-37.8392,-37.8453
47.2500,-35.7653,-46.3567,-46.3395
47.2917,-42.5651,-37.8841,-37.8898
47.3333,-45.6169,-47.1733,-47.1558
47.3750,-35.5424,-37.7832,-37.7887
47.4167,-33.2048,-47.5486,-47.5314
47.4583,-34.9512,-37.5298,-37.5353
47.5000,-44.7944,-47.7750,-47.7581
47.5417,-40.2300,-37.1909,-37.1963
47.5833,-33.1798,-48.0432,-48.0261
47.6250,-31.9849,-36.8587,-36.8639
47.6667,-35.1404,-48.3771,-48.3598
47.7083,-54.8892,-36.6142,-36.6192
47.7500,-36.2903,-48.6501,-48.6332
47.7917,-31.5657,-36.5148,-36.5196
47.8333,-31.5643,-48.6418,-48.6263
47.8750,-36.4352,-36.5983,-36.6029
47.9167,-50.6946,-48.1505,-48.1380
47.9583,-34.0005,-36.8947,-36.8992
48.0000,-30.8182,-47.1257,-47.1171
48.0417,-31.8142,-37.4415,-37.4459
48.0833,-38.4708,-45.7045,-45.6997
48.1250,-43.5166,-38.3018,-38.3061
48.1667,-32.9813,-44.1193,-44.1176
48.2083,-30.7536,-39.5944,-39.5987
48.2500,-32.4398,-42.5911,-42.5917
48.2917,-40.5381,-41.5585,-41.5627
48.3333,-41.4531,-41.2889,-41.2910
48.3750,-32.9219,-44.7545,-44.7586
48.4167,-31.1737,-40.3430,-40.3460
48.4583,-33.1636,-51.1164,-51.1199
48.5000,-41.7107,-39.8782,-39.8818
48.5417,-41.8358,-64.9636,-64.9756
48.5833,-33.6664,-40.0604,-40.0642
48.6250,-31.9685,-47.8307,-47.8366
48.6667,-33.8409,-41.1805,-41.1842
48.7083,-41.5391,-42.6402,-42.6455
48.7500,-44.5730,-43.9119,-43.9151
48.7917,-35.2414,-39.9466,-39.9515
48.8333,-33.1638,-50.8100,-50.8103
48.8750,-34.5319,-38.7482,-38.7527
48.9167,-40.5615,-56.7207,-56.7351
48.9583,-51.9631,-38.9395,-38.9435
49.0000,-37.9289,-44.4266,-44.4333
49.0417,-34.9565,-40.9550,-40.9579
49.0833,-35.5038,-40.1793,-40.1846
49.1250,-39.6972,-46.6984,-46.6985
49.1667,-58.4179,-38.6432,-38.6475
49.2083,-42.5475,-60.4902,-60.5168
49.2500,-37.7832,-39.3609,-39.3641
49.2917,-37.2141,-44.0496,-44.0563
49.3333,-39.7090,-43.3195,-43.3208
49.3750,-47.5667,-40.4714,-40.4760
49.4167,-52.2608,-60.8053,-60.7859
49.4583,-42.5711,-40.8934,-40.8965
49.5000,-40.4137,-46.6444,-46.6515
49.5417,-41.3634,-46.2345,-46.2351
49.5833,-45.5389,-42.9446,-42.9487
49.6250,-58.9102,-61.9096,-61.9314
49.6667,-52.0830,-45.7696,-45.7718
49.7083,-46.7514,-47.1999,-47.2046
49.7500,-46.2067,-65.6354,-65.6229
49.7917,-48.5287,-49.2876,-49.2903
49.8333,-54.2699,-52.5857,-52.5900
49.8750,-70.4443,-81.4405,-81.4168
49.9167,-64.7483,-59.4418,-59.4447
49.9583,-64.7984,-65.4582,-65.4614
50.0000,-140.0000,-140.0000,-140.0000
